tree
version=v4
num_class=1
num_tree_per_iteration=1
label_index=0
max_feature_idx=21
objective=binary sigmoid:1
feature_names=Column_0 Column_1 Column_2 Column_3 Column_4 Column_5 Column_6 Column_7 Column_8 Column_9 Column_10 Column_11 Column_12 Column_13 Column_14 Column_15 Column_16 Column_17 Column_18 Column_19 Column_20 Column_21
feature_infos=[0:9] [3:3] [0:1] none [-744958419646.33997:25142260.179999992] [1.2345678997104101e-05:11885.148482389488] [9.9999950000033335e-07:29.176491518436428] [9.9999950000033335e-07:29.176491518436428] [0:1] [0:40480] [9.9999999999999995e-07:12989912866013.441] [0:78] [9.9999999999999995e-07:12849021578494.48] [6.7447622258219248e-13:3473782350516.7646] [1:19907] [1:80] [0:1] [0:6] [0:14] [0:14] [0:0.0016073693500967344] [0:1]
tree_sizes=3042 3692 3921 3901 4019 5220 4222 5124 4133 5104 3951 5435 4853 4160 5379 5103 5098 4617 5017 4392 4673 4430 4015 4340 3959 3427 4191 4027 4101 4150 4348 4207 4560 4134 3547 4458 4562 4101 3791 4351 4181 4652 4567 3980 4647 4119

Tree=0
num_leaves=27
num_cat=0
split_feature=17 9 0 5 4 12 15 12 5 6 9 12 10 8 5 9 12 12 5 11 9 5 14 7 12 13
split_gain=1.92021e+07 9.83072e+06 3.10933e+06 3.27482e+06 1.34066e+06 749121 297859 107615 56002.1 41230.1 37449.6 25151.3 21875.1 21475.9 12959.8 12064.9 9289.97 7826.14 5021.29 4820.65 3489.35 1649.17 300.102 195.606 1395.08 41.6087
threshold=1.0000000180025095e-35 23.500000000000004 1.0000000180025095e-35 0.99999999999644085 -1.0000000180025095e-35 2363804.9750000001 51.500000000000007 57502428.105000012 0.99999999999331945 0.029594723281289499 39891.000000000007 919.43500000000006 180728.90500000003 1.0000000180025095e-35 0.99999999993919142 4.5000000000000009 12269.225 0.65745900000000013 0.99999999999351441 1.0000000180025095e-35 3.5000000000000004 0.99999998750889385 1.5000000000000002 12.312501565375818 225886.94000000003 1.0000511597811321
decision_type=2 2 2 2 2 2 2 2 2 2 2 2 2 2 2 2 2 2 2 2 2 2 2 2 2 2
left_child=2 17 8 14 -5 6 -6 9 -1 -3 12 -10 -11 15 -4 -13 18 19 -16 -2 -7 -21 -23 -19 25 -25
right_child=1 7 3 4 5 20 -8 -9 11 10 -12 13 -14 -15 16 -17 -18 23 -20 21 -22 22 -24 24 -26 -27
leaf_value=-8.6838984616894841 -8.6838984616894841 -8.6838984616894841 -8.6838984616894841 -8.6838984616894841 3.5664096784514925 -7.7771161708054555 -8.6838984616894841 -8.6838984616894841 -8.6838984616894841 -8.6838984616894841 -8.6838984616894841 -6.5339574730835057 -2.4453147157687249 -8.6838984616894841 -7.6427195478081842 -8.6838984616894841 -8.6838984616894841 -8.6935167470803059 -8.6838984616894841 -8.6838984616894841 -8.6838984616894841 -8.6838984616894841 -8.2457557453499142 -8.6838984616894841 -8.6908451031568603 -8.5417755363783208
leaf_weight=1.5899393584550114 5.1370526052050982 0.11017035895202454 1.9913588537456259 1.0829187817726111 14.403739554152704 1.4280912385293039 0.2056174902099891 0.29158760134305239 0.63123723331955162 0.05770828326058719 0.099339478809269077 8.7239605408685694 21.066257330181543 0.50414362414449065 1.4028425842261643 0.27026430606201834 1.0742879241588523 329.81806975942163 0.49314351149951097 0.98882551053247858 0.44829689840844356 0.15670929706539027 0.30248867957561743 0.19004810000478656 47.732027254096465 0.046844391647027805
leaf_count=9395 30355 651 11767 6399 58937 7642 1215 1723 3730 341 587 48136 107069 2979 7379 1597 6348 1948905 2914 5843 2649 926 1446 1123 282050 163
internal_value=-7.57085 -8.25207 -1.0147 0.823647 2.34015 2.83978 3.45203 -2.56549 -6.87185 -2.50337 -2.47956 -6.70687 -2.45794 -6.63277 -7.94464 -6.5695 -7.80116 -8.68222 -7.69831 -8.4467 -7.82128 -8.3036 -8.25466 -8.69056 -8.67349 -8.54555
internal_weight=440.247 405.997 34.2498 22.5303 17.5687 16.4857 14.6094 21.6251 11.7195 21.3335 21.2233 10.1296 21.124 9.49837 4.96163 8.99422 2.97027 384.372 1.89599 6.58508 1.87639 1.44802 0.459198 377.787 47.9689 0.236892
internal_count=2552269 2381182 171087 105250 76842 70443 60152 110371 65837 108648 107997 56442 107410 52712 28408 49733 16641 2270811 10293 38570 10291 8215 2372 2232241 283336 1286
is_linear=0
shrinkage=1


Tree=1
num_leaves=36
num_cat=0
split_feature=17 0 6 12 15 21 12 15 7 11 12 12 13 14 13 9 12 10 12 12 9 9 5 5 10 10 15 0 0 12 9 15 18 15 13
split_gain=955053 325258 107523 97944.7 45418.1 41028.1 24031.6 19004.2 9396.92 9607.37 6465.43 6501.97 4569.26 4443.78 4241.54 3618.61 3226.82 3480.72 3392.23 2017.71 5303.27 5004.36 1950.02 1178.89 940.086 985.508 869.575 1537.43 886.197 761.412 469.418 399.859 271.651 55.6003 24.9833
threshold=1.0000000180025095e-35 1.0000000180025095e-35 5.0648077709906092 3765704.9050000003 2.5000000000000004 1.0000000180025095e-35 29616.405000000002 2.5000000000000004 14.014629768930366 4.5000000000000009 12269.225 84.245000000000019 0.010639558895095101 1.5000000000000002 1.0100272646071755 5.5000000000000009 137815.07500000004 1591.6750000000002 38379947.150000006 0.65745900000000013 2.5000000000000004 1.0000000180025095e-35 0.99999999999897626 0.99999998750889385 220533.08500000005 232869.26000000001 1.5000000000000002 4.5000000000000009 5.5000000000000009 105311329.79500002 448.00000000000006 1.5000000000000002 13.500000000000002 2.5000000000000004 1.0000511597811321
decision_type=2 2 2 2 2 2 2 2 2 2 2 2 2 2 2 2 2 2 2 2 2 2 2 2 2 2 2 2 2 2 2 2 2 2 2
left_child=1 4 10 5 16 6 -4 -7 9 12 11 -3 -6 -5 -15 -13 17 -1 -18 20 21 -2 -19 -23 -21 32 28 -28 -27 -20 33 -25 -26 -22 -34
right_child=19 2 3 13 8 7 -8 -9 -10 -11 -12 15 -14 14 -16 -17 18 22 29 24 30 23 -24 31 25 26 27 -29 -30 -31 -32 -33 34 -35 -36
leaf_value=0 0 0 -0.23069723122003 0 0 -0.22351005063600066 -0.31118933021259293 -0.078754321754262627 0 0 0 0.85908875804252893 0.90141806893848397 0.83679692880612311 0 0 -0.0034126947600733584 0 0.25649755927923945 -0.0095861069049421634 0 0 0.30950795067532572 0 0 0.01765716570606014 0.0023220205171583883 0.012145221426076094 0.0037996385634393734 0 -0.0067556195411455659 0.43844347205051765 0 0.05997707200340241 0.14191569684630495
leaf_weight=4.2717584691708899 5.062846277942298 1.0647892595588917 984.12554806539265 0.78152294138271772 0.58047989707848202 189.1870900678623 897.33690440359351 207.10363383029471 1.4616895902581735 1.3279771788802452 1.2805823443777624 3.2532632688817107 14.24945380334975 2.1600943495723191 0.6491117378900525 0.51619736292923324 18.722208167659122 2.0653602653183034 1.2049106256163207 297.9496062239341 1.2652332136931335 0.69114553910912924 32.545292838083697 0.20993169282155577 1.4981537750136329 1657.0442963156238 4007.081983830969 2806.5128867841122 698.68453955027508 1.2640932918293399 35.44794710505812 0.29730363446287811 0.11327085344237264 8.6985406367457472 0.057034603552892804
leaf_count=9724 29872 3672 30015 1895 753 6887 35531 2681 1158 1109 7567 7399 9662 5715 2480 1408 15231 3863 747 1731277 2435 4084 22435 1113 8914 179013 242166 130997 48404 1155 843 920 674 263 207
internal_value=-0.0371446 -0.219151 -0.241443 -0.24613 0.399778 -0.250066 -0.270213 -0.150952 0.778778 0.827666 0.675455 0.74704 0.877647 0.726857 0.783108 0.819026 0.213637 0.265768 0.0702969 0.00819525 0.0675401 0.243045 0.293804 0.391599 0.00780805 0.00839145 0.00826797 0.00639179 0.0136147 0.222448 0.0106603 0.426579 0.114986 0.054836 0.13965
internal_weight=11885.8 2365.15 2287.46 2281.34 77.6932 2277.75 1881.46 396.291 17.6196 16.1579 6.11483 4.83425 14.8299 3.59073 2.80921 3.76946 60.0736 38.8824 21.1912 9520.61 51.6729 6.26123 34.6107 1.19838 9468.94 9170.99 9169.32 6813.59 2355.73 2.469 45.4117 0.507235 1.66846 9.96377 0.170305
internal_count=2552269 171087 105250 85204 65837 75114 65546 9568 12682 11524 20046 12479 10415 10090 8195 8807 53155 36022 17133 2381182 39530 35989 26298 6117 2341652 610375 600580 373163 227417 1902 3541 2033 9795 2698 881
is_linear=0
shrinkage=0.010139


Tree=2
num_leaves=38
num_cat=0
split_feature=17 0 6 12 15 21 13 13 11 11 13 5 15 15 12 12 10 13 7 10 12 9 9 14 5 13 13 15 0 0 13 5 9 15 18 15 12
split_gain=711638 246424 82754.8 77664.2 26744.1 16244.3 15195.9 24465.3 9616.36 7089.67 7347.98 4913.06 4264.37 4315.37 2710.37 2577.94 2523.09 4853.78 3779.24 2159.58 2003.72 5225.97 4853.21 1171.88 1133.59 917.603 1088.19 841.193 1473.19 868.667 609.201 562.017 451.684 383.664 185.385 52.6082 14.9267
threshold=1.0000000180025095e-35 1.0000000180025095e-35 5.0648077709906092 3765704.9050000003 2.5000000000000004 1.0000000180025095e-35 43.281156875517745 0.99564749329008273 1.5000000000000002 2.5000000000000004 0.03020036838607976 0.99999999993919142 1.5000000000000002 5.5000000000000009 12269.225 84.245000000000019 11256.15 0.99999999999989841 11.741485750283982 318954.68000000005 0.65745900000000013 2.5000000000000004 1.0000000180025095e-35 4.5000000000000009 0.99999998750889385 1.0000511597811321 1.000244314819648 1.5000000000000002 4.5000000000000009 5.5000000000000009 0.013216177199025762 0.99999999999761002 448.00000000000006 1.5000000000000002 13.500000000000002 2.5000000000000004 225886.94000000003
decision_type=2 2 2 2 2 2 2 2 2 2 2 2 2 2 2 2 2 2 2 2 2 2 2 2 2 2 2 2 2 2 2 2 2 2 2 2 2
left_child=1 6 11 4 8 -6 7 9 -4 10 -1 -3 -5 -14 15 -13 17 -9 -18 -8 21 22 -2 31 -24 -22 34 29 -29 -28 -11 -21 35 -26 -27 -23 -36
right_child=20 2 3 12 5 -7 19 16 -10 30 -12 14 13 -15 -16 -17 18 -19 -20 23 25 32 24 -25 33 26 27 28 -30 -31 -32 -33 -34 -35 36 -37 -38
leaf_value=0 0 0 -0.19892592069631104 0 -0.17378784831872757 -0.07256189940883323 0 0.06883939512515673 -0.25697262135233789 0.12565690833353307 0.61418636013038841 0 0.68520134620795237 0 0 0.61977979124560334 -0.0058789093990931256 0.36506573364454337 0.14757304477320587 0 -0.009560715019976929 0 0 0 0 0 0.0173362095140191 0.0022930443157594266 0.011874110425989416 0.0036791414099097441 0 0.72704597874078392 -0.0067306859557151773 0.4291501428863066 0.14234025576849191 0.058029732126136414 0
leaf_weight=2.1226175807241878 5.062846277942298 1.7105075055733312 1127.4979015324352 1.1664200485392928 882.93816297974263 223.04621239667176 0.45129103070939791 21.717317919392375 644.05245523707708 0.95333314420713477 14.901182539892032 0.69975475224782346 4.2509473652462475 0.99595055528334331 0.81113138319051437 7.3119359491975047 33.736165563706891 4.9106203217961584 21.927539021009579 0.10736604446719944 296.02157193621679 1.2652332136931335 0.69114553910912924 0.23073786128952622 0.20993169282155577 0.94372252383618505 1674.7027148560737 4014.8431813454808 2838.6575719831599 704.53263486873766 5.7971011181216454 3.5877861813642085 35.24707266256155 0.4607841671386268 0.036186720593832433 9.1463039625668898 0.066886466840514913
leaf_count=2500 29872 7374 29322 2284 19513 2681 870 15797 23598 560 6058 1515 6496 1310 4793 6364 18199 3412 13885 292 1775498 2435 4084 259 1113 5636 127192 209615 152865 70388 3249 756 843 920 63 263 395
internal_value=-0.0346518 -0.170583 -0.188722 -0.192593 -0.195823 -0.154084 0.285875 0.225501 -0.221071 0.473955 0.559994 0.506817 0.576589 0.630574 0.561223 0.591235 0.119291 0.194156 0.0632323 0.67776 0.00806534 0.066996 0.240058 0.705098 0.384129 0.00768075 0.00825164 0.00812775 0.00628469 0.0133584 0.0701332 0.719932 0.0105542 0.417766 0.124162 0.0531558 0.140986
internal_weight=12586.8 3004.92 2894.48 2883.95 2877.53 1105.98 110.443 106.066 1771.55 23.7742 17.0238 10.5333 6.41332 5.2469 8.82282 8.01169 82.2916 26.6279 55.6637 4.37718 9581.89 52.0833 6.42471 3.92589 1.36186 9529.8 9233.78 9232.74 6853.5 2379.24 6.75043 3.69515 45.6586 0.670716 1.0468 10.4115 0.103073
internal_count=2552269 171087 105250 85204 75114 22194 65837 63660 52920 12367 8558 20046 10090 7806 12672 7879 51293 19209 32084 2177 2381182 39530 35989 1307 6117 2341652 566154 560060 362480 197580 3809 1048 3541 2033 6094 2698 458
is_linear=0
shrinkage=0.010139


Tree=3
num_leaves=38
num_cat=0
split_feature=17 0 6 12 15 21 13 13 16 9 9 13 19 13 10 5 13 12 9 11 12 10 5 10 10 19 15 0 0 6 14 9 0 18 15 13 13
split_gain=564143 202286 64860 61790.7 14641.6 10700 9595.67 11933.4 5429.27 3823.73 3458.82 3684.7 3093.79 2294.29 3662.45 2178.2 2064.1 1985.05 5106.52 4666.35 1265.35 1225.36 1175.43 897.325 990.473 854.752 796.469 1425.16 801.442 735.229 622.637 434.751 359.958 270.188 49.8235 35.3756 24.6634
threshold=1.0000000180025095e-35 1.0000000180025095e-35 5.0648077709906092 3765704.9050000003 2.5000000000000004 1.0000000180025095e-35 43.281156875517745 0.99564749329008273 1.0000000180025095e-35 2.5000000000000004 3.5000000000000004 0.00216076604837907 3.5000000000000004 0.99999999999955913 11256.15 0.99999999993919142 0.010639558895095101 0.65745900000000013 2.5000000000000004 1.0000000180025095e-35 84.245000000000019 318954.68000000005 0.99999998750889385 220533.08500000005 232869.26000000001 3.5000000000000004 1.5000000000000002 4.5000000000000009 5.5000000000000009 5.0083994625966346 4.5000000000000009 448.00000000000006 1.0000000180025095e-35 13.500000000000002 2.5000000000000004 13833.808771796068 1.0000511597811321
decision_type=2 2 2 2 2 2 2 2 2 2 2 2 2 2 2 2 2 2 2 2 2 2 2 2 2 2 2 2 2 2 2 2 2 2 2 2 2
left_child=1 6 9 4 8 -6 7 12 -4 15 11 -5 -1 -9 -15 -3 -14 18 19 -2 -17 -8 -21 -19 33 -23 28 -28 -26 -11 -27 34 -24 -25 -20 -31 -35
right_child=17 2 3 10 5 -7 21 13 -10 29 -12 -13 16 14 -16 20 -18 23 31 22 -22 25 32 24 26 30 27 -29 -30 35 -32 -33 -34 36 -36 -37 -38
leaf_value=0 0 0 -0.18026724473009947 0 -0.1466465844056101 -0.067244246791067136 0 -0.0019522300194245246 -0.0098593471600133785 0 0 0.531177698422305 0 0.22767743071286972 0.065989058300889733 0 0.36951776861158975 -0.0095771188888899225 0 0 0.50917528582366578 0 0 0 0.016808054626174289 0.54478197764062108 0.0022671287965097099 0.011663879281288163 0.003701934803492945 0 0 -0.006705788973778627 0.41977206458934896 0 0.056171898878985528 0.13817873074680539 0.14165129008015204
leaf_weight=2.5264461717451914 5.0826598671119418 0.93563160464691719 2147.7310670246152 1.4150599887652768 1036.2196466471651 238.74693910052883 0.45129103070939702 14.050103080153347 21.550313705542067 6.7265717621485228 1.5949408478627436 7.5745539685594849 1.5297374529618526 21.827222527208505 53.379087289911695 0.49786876772122823 32.355775835283566 293.16926143330056 1.2652332136931335 0.75037691488978431 8.2101886002055817 0.2996088236250215 0.20542405731976032 1.4936810111103103 1705.960568518989 7.2061374141194392 4022.4424526847142 2863.5575916915404 703.06007627981307 0.16974918590858568 0.21090670912235499 35.047840068960795 0.63291891138942447 0.11219342132972077 9.596419263194548 0.24565160438942257 0.070076783260446973
leaf_count=1173 29770 4079 45254 1369 19513 2681 870 11938 7666 9311 3103 5618 2201 9736 29619 1080 8993 1731277 2435 4434 5336 129 651 8914 179013 945 242166 130997 48404 233 233 843 1134 674 263 7 207
internal_value=-0.032534 -0.140595 -0.15565 -0.159045 -0.161862 -0.132332 0.236844 0.190786 -0.17866 0.373337 0.440731 0.484526 0.33439 0.109965 0.130389 0.465575 0.35546 0.00793837 0.066347 0.235681 0.493154 0.510563 0.374212 0.00755649 0.00811485 0.526078 0.00799301 0.00619778 0.013048 0.0679805 0.536899 0.0104461 0.409092 0.114883 0.0515464 0.134969 0.139414
internal_weight=13247.9 3605.45 3471.62 3454.83 3444.25 1274.97 133.836 125.668 2169.28 16.7857 10.5846 8.98961 36.412 89.2564 75.2063 9.64369 33.8855 9642.45 52.5809 6.67138 8.70806 8.16794 1.58872 9589.87 9296.7 7.71665 9295.02 6886 2409.02 7.14197 7.41704 45.9095 0.838343 1.67595 10.8617 0.415401 0.18227
internal_count=2552269 171087 105250 85204 75114 22194 65837 63660 52920 20046 10090 6987 12367 51293 39355 10495 11194 2381182 39530 35989 6416 2177 6219 2341652 610375 1307 600580 373163 227417 9551 1178 3541 1785 9795 2698 240 881
is_linear=0
shrinkage=0.010139


Tree=4
num_leaves=39
num_cat=0
split_feature=17 0 6 12 9 13 21 13 14 12 15 5 10 15 14 19 12 9 9 9 13 11 19 10 13 9 12 5 13 13 15 0 0 5 9 18 15 12
split_gain=463505 169840 54110.5 50162.6 10664.4 9994.98 6189.07 5040.58 4693.62 2757.74 2702.26 3065.53 2682.78 2378.19 2342.89 2154.52 1962.01 4949.72 4399.91 1949.7 1919.68 1663.89 1551.31 1329.79 1220.05 1214.74 1023.3 997.706 876.432 1092.69 771.541 1366.51 789.325 432.078 418.596 184.554 47.2322 15.0078
threshold=1.0000000180025095e-35 1.0000000180025095e-35 5.0648077709906092 3765704.9050000003 1.5000000000000002 60.617091821524696 1.0000000180025095e-35 0.99564749329008273 8.5000000000000018 163369.82500000004 2.5000000000000004 0.99999999998131728 773148.58500000008 1.5000000000000002 1.5000000000000002 10.500000000000002 0.65745900000000013 2.5000000000000004 1.0000000180025095e-35 2.5000000000000004 1.0025619122437928 1.0000000180025095e-35 3.5000000000000004 1425068.9950000003 0.79059576801298159 2.5000000000000004 1798.0500000000004 0.99999998750889385 1.0000511597811321 1.000244314819648 1.5000000000000002 4.5000000000000009 4.5000000000000009 0.99999999655681615 448.00000000000006 13.500000000000002 2.5000000000000004 225886.94000000003
decision_type=2 2 2 2 2 2 2 2 2 2 2 2 2 2 2 2 2 2 2 2 2 2 2 2 2 2 2 2 2 2 2 2 2 2 2 2 2 2
left_child=1 6 10 4 5 -4 7 22 -6 19 15 -12 21 -5 -15 -3 17 18 -2 24 -14 -9 -1 -24 -8 -13 -17 -20 -18 35 32 -32 -31 -29 36 -30 -19 -37
right_child=16 2 3 13 8 -7 9 12 -10 -11 11 25 20 14 -16 26 28 34 27 -21 -22 -23 23 -25 -26 -27 -28 33 29 30 31 -33 -34 -35 -36 37 -38 -39
leaf_value=0 0 0 -0.12855049913959346 0 -0.15982325998927036 -0.046234713087438872 0 0.089236601318099878 -0.012724597574109611 0 0 0.53102365749499869 0.047378732990138554 0 0.39828700235106607 0.22504869912249387 -0.0095515884220396322 0 0 0 0.26804223025515894 -0.0047284712860734312 0.26324708220802612 0 0.43462837064949056 0 0 0.40312488736818392 0 0.017346835558863835 0.0022389106445191769 0.011408539712248004 0.0052114582829815483 0 -0.0066809291116702056 0.14213587400582364 0.054400514715870082 0
leaf_weight=2.4029859766887958 5.0835630527726599 7.7147895970119906 2027.1184318747328 1.852777204097946 1755.062973021646 179.90722153710522 0.65407171711558731 50.86453459157201 25.455250379258359 1.826271892627118 1.3041782053478517 3.2769525671756132 12.35902427043766 1.5578814493201196 12.456260877253952 7.3081106288009323 291.33596468856558 1.2652332136931335 0.69114553910912935 1.1348949452076329 9.2134853465104225 25.004731908717076 43.558626107333112 1.8993450172129076 13.44677574088564 0.44422861808561709 2.1885105759720318 0.95771808961580951 0.94177615467924514 1508.3125835739484 4030.0511619579338 2895.0100792719022 923.44688001171744 0.26856110100925434 34.850234907004051 0.046208420943003148 10.048028735967819 0.067435634933644906
leaf_count=1109 29872 7727 33321 2284 40366 1293 226 26058 134 1367 2432 971 6459 1534 6272 4691 1775498 2435 4084 663 3716 13360 9703 677 2499 727 3498 1348 5636 109669 209615 152865 87911 685 843 63 263 395
internal_value=-0.0306737 -0.119719 -0.132787 -0.135788 -0.138327 -0.122064 0.195329 0.157321 -0.157838 0.368971 0.302866 0.455058 0.100583 0.338493 0.368615 0.13052 0.00781415 0.0655996 0.230066 0.39952 0.189626 0.059398 0.241971 0.253428 0.421116 0.509466 0.194638 0.360696 0.00743509 0.00798186 0.0078596 0.00609492 0.0128098 0.390304 0.0103366 0.124026 0.0500061 0.140775
internal_weight=13890.4 4188.01 4025.65 4003.41 3987.54 2207.03 162.365 145.303 1780.52 17.062 22.2368 5.02536 97.4418 15.8669 14.0141 17.2114 9702.38 53.1645 7.00099 15.2357 21.5725 75.8693 47.861 45.458 14.1008 3.72118 9.49662 1.91742 9649.21 9357.88 9356.82 6925.06 2431.76 1.22628 46.1635 1.05542 11.3133 0.113644
internal_count=2552269 171087 105250 85204 75114 34614 65837 61082 40500 4755 20046 4130 49593 10090 7806 15916 2381182 39530 35989 3388 10175 39418 11489 10380 2725 1698 8189 6117 2341652 566154 560060 362480 197580 2033 3541 6094 2698 458
is_linear=0
shrinkage=0.010139


Tree=5
num_leaves=50
num_cat=0
split_feature=17 0 6 12 15 12 13 10 18 15 14 14 6 10 12 11 9 15 15 7 19 15 14 10 9 13 12 5 12 9 12 0 9 13 0 12 19 14 14 18 11 12 11 13 13 11 13 10 5
split_gain=391205 146309 47214.1 41831.8 7691.99 7457.69 3791.25 4519.78 3913.48 3798.53 3745.3 3265.52 2642.74 2587.09 1942.45 1845.99 1840.01 1822.62 1766.07 2155.12 1808.25 1219.4 2070.31 1238.43 835.479 832.959 1144 824.837 820.808 811.594 824.954 1035.64 769.427 766.001 721.528 711.602 612.157 563.987 563.965 364.189 307.67 233.698 220.078 99.1502 53.4757 148.269 33.2263 31.2779 30.548
threshold=1.0000000180025095e-35 1.0000000180025095e-35 5.0648077709906092 3765704.9050000003 2.5000000000000004 16231.740000000002 5.2661061706769816 14015.190000000001 12.500000000000002 1.5000000000000002 2.5000000000000004 8.5000000000000018 12.713012574150317 318954.68000000005 11.985000000000001 1.5000000000000002 3.5000000000000004 5.5000000000000009 2.5000000000000004 3.9963641369663523 10.500000000000002 2.5000000000000004 2.5000000000000004 53.310000000000009 2.5000000000000004 0.79059576801298159 9.1650000000000009 0.99999999997863032 1798.0500000000004 1424.5000000000002 117.90500000000002 3.5000000000000004 10214.000000000002 1.0100272646071755 1.5000000000000002 2953988.1000000006 3.5000000000000004 4.5000000000000009 8166.5000000000009 1.0000000180025095e-35 4.5000000000000009 0.12028800000000001 1.5000000000000002 0.74942118824820103 79222293.327919602 1.5000000000000002 1410272.6880347969 353249.60500000004 0.99999999328805023
decision_type=2 2 2 2 2 2 2 2 2 2 2 2 2 2 2 2 2 2 2 2 2 2 2 2 2 2 2 2 2 2 2 2 2 2 2 2 2 2 2 2 2 2 2 2 2 2 2 2 2
left_child=1 6 18 4 11 -6 7 9 12 33 -11 -4 -9 -8 21 -10 17 -5 20 -20 -3 25 23 -23 -21 43 42 39 -22 34 31 -31 -28 -1 38 -32 -15 -38 -29 40 -16 47 -27 -2 -41 -46 -42 -24 -25
right_child=14 2 3 16 5 -7 13 8 15 10 -12 -13 -14 36 27 -17 -18 -19 19 24 28 22 41 48 -26 26 32 29 -30 30 35 -33 -34 -35 -36 -37 37 -39 -40 44 46 -43 -44 -45 45 -47 -48 -49 -50
leaf_value=-0.0023990583787563617 0 0 -0.13251614937671133 0.31302943331523014 -0.073204987319022641 -0.12004843290636408 0 -0.0072063365458145661 0.23418609108481334 0.25103992441739093 0 -0.0091898234775760496 0.11204299774016067 0 -0.0016464450403334849 0 0 0 0 0.4364098601387611 0.19903929406962043 0 0.053754497801684675 0.28640265288939804 0 -0.0086690126099651637 -0.0015364376565930647 0.007613922604831431 0 -0.0073958201337158032 0.0077888312073365199 0.047935317751971324 0.082481479140987676 0.10560270700288298 -0.010318609924166241 0.020312300483201533 0.33189530746771673 0 -0.010171846250572374 -0.010328627205601484 0 -0.00069122069305141908 0.021426036942314597 0.13936354237137519 -0.0092286285397298641 0.011902235074528046 0.060541216879357332 0 0
leaf_weight=15.276449285069249 0.48759344682912242 7.7147895970119906 2862.8172031179856 17.701579997083179 650.74776430456404 971.57204545567947 2.6939917746785822 51.884735576371895 11.519413822781642 54.851656559723779 6.2153570601658421 25.173105693749676 20.935199765081052 0.56998064075014809 12.239342449291144 3.8274376390472744 2.2802822182129594 1.9339055480377272 1.3049172467435699 5.5451442178164143 9.140171531820668 1.8011374705092777 10.212438742135419 0.3341135007503907 0.4457166414358652 77.920218924322398 12.37806634591834 1247.4941615582939 2.1885105759720327 42.599815987050533 6603.5260052117519 110.64477496160544 29.700559236109257 2.4053449306811663 393.22760381468106 511.56979988550302 19.712665113373081 0.50517853011842717 203.61044841092371 320.01848562930536 0.71461307762365223 10.271066154688013 27.879046616712003 0.18483657453907654 92.953226532408735 42.46501505174092 8.5697752833366394 0.82679118649684902 0.035917722168960609
leaf_count=8227 2763 7727 52801 5686 6293 15901 2447 20461 3192 15070 2507 119 9062 214 13920 1400 3103 1301 2410 980 4691 10156 199 42 740 124318 37128 1021224 3498 562 75822 785 47 1141 720433 6231 1737 379 2782 356825 204 1677 4050 87 1248 455 2 33 189
internal_value=-0.0290306 -0.104432 -0.116009 -0.118674 -0.121004 -0.10174 0.166193 0.136547 0.0747878 0.192113 0.227336 -0.131502 0.0330202 0.290187 0.00769259 0.193122 0.26662 0.289937 0.264832 0.383322 0.120781 0.0408898 0.101326 0.229665 0.42158 0.0263184 0.0189814 0.00705535 0.174633 0.00774088 0.00926699 0.0322957 0.0592082 0.0351767 0.00165912 0.00872367 0.318862 0.325645 0.00501008 -0.005752 0.0285822 0.0287457 0 0.130367 -0.00802527 -0.00162194 0.0574821 0.0508538 0.285037
internal_weight=14510.6 4748.96 4558.57 4532.23 4510.31 1622.32 190.397 166.916 88.1668 78.7488 61.067 2887.99 72.8199 23.4818 9761.66 15.3469 21.9158 19.6355 26.3392 7.29578 19.0435 172.032 23.4815 2.17117 5.99086 148.55 147.878 9589.63 11.3287 9112.67 7268.34 153.245 42.0786 17.6818 1844.33 7115.1 20.7878 20.2178 1451.1 476.96 21.5237 21.3103 105.799 0.67243 455.437 135.418 9.28439 11.0392 0.370031
internal_count=2552269 171087 105250 85204 75114 22194 65837 61060 34115 26945 17577 52920 29523 4777 2381182 4592 10090 6987 20046 4130 15916 180689 12296 10387 1720 168393 165543 2200493 8189 1827839 83400 1347 37175 9368 1744439 82053 2330 2116 1024006 372654 14126 1909 128368 2850 358528 1703 206 232 231
is_linear=0
shrinkage=0.010139


Tree=6
num_leaves=41
num_cat=0
split_feature=17 0 6 12 21 12 15 15 18 10 10 5 21 11 12 9 14 15 11 15 15 12 13 6 19 14 10 12 10 10 15 0 0 0 9 9 18 5 17 9
split_gain=336756 128292 41419.6 35799.8 6604.75 4827.58 4521.66 2736.28 2159.9 2049.19 4080.89 4070.06 1944 2299.73 1914.39 4708.1 4002.9 1613.53 3469.79 2651.54 1374.79 1352.13 1139.59 1024.84 1021.91 2082.23 1783.03 1020.73 843.664 997.636 722.526 1305.74 730.463 471.023 456.689 389.334 268.177 42.5133 24.7937 12.1808
threshold=1.0000000180025095e-35 1.0000000180025095e-35 5.0648077709906092 3765704.9050000003 1.0000000180025095e-35 72070.510000000024 3.5000000000000004 2.5000000000000004 13.500000000000002 108299.73500000002 126.825 0.99999999998803402 1.0000000180025095e-35 1.0000000180025095e-35 0.65745900000000013 2.5000000000000004 1.5000000000000002 3.5000000000000004 1.5000000000000002 5.5000000000000009 10.500000000000002 130.20000000000002 0.99999999999989841 13.999453672523165 12.500000000000002 1.5000000000000002 29497531.370000001 0.12028800000000001 220533.08500000005 232869.26000000001 1.5000000000000002 4.5000000000000009 5.5000000000000009 1.0000000180025095e-35 5.5000000000000009 448.00000000000006 13.500000000000002 0.99999997502526206 3.5000000000000004 421.50000000000006
decision_type=2 2 2 2 2 2 2 2 2 2 2 2 2 2 2 2 2 2 2 2 2 2 2 2 2 2 2 2 2 2 2 2 2 2 2 2 2 2 2 2
left_child=1 7 9 4 5 -4 -6 12 20 10 21 -11 24 22 15 16 -2 18 -5 -19 23 -3 -14 -9 26 -26 -1 -18 -16 36 32 -32 -31 -29 -13 37 -30 39 -38 -17
right_child=14 2 3 17 6 -7 -8 8 -10 11 -12 34 13 -15 28 35 27 19 -20 -21 -22 -23 -24 -25 25 -27 -28 33 29 30 31 -33 -34 -35 -36 -37 38 -39 -40 -41
leaf_value=0.035409127439087466 0 0 -0.10330721847919409 0.20919423420315145 -0.091899057440362669 -0.12802733148041015 -0.030931095689175698 0.21503457089575159 0 0 -0.002342973285767355 0.42042205122090232 0 0 -0.0095667959834156956 0 0 0.39550998463220427 -0.0019711224138083956 0 0 0.26839554033482638 0.27825798658630158 0 0 0.21116941626837385 0.17441114585452469 0 0 0.015857622514483916 0.0021381707212438689 0.011048979903860331 0.0034662949272024962 0.38408581229893496 0 -0.0066488144126810251 0.14135555783129464 0 0 0.052251088176572542
leaf_weight=94.154915413964773 5.094572100439108 2.0961477472883479 2693.1578210249863 8.3726112414442522 550.54003392271261 1589.3319503762905 181.35320793650317 80.290054621422314 5.1922944855177766 2.8297550927381945 15.092622565585769 6.0267241078836378 1.5458572576753784 4.2465174710232523 287.89667238936818 0.3349575594038442 0.7891381222580095 3.9840759132057419 14.05869005655404 1.9391386352654079 3.027941601292695 5.0139614185318351 8.622337048451298 2.1323069232312255 6.0837084194499758 8.2316049131331948 5.0442355068371389 0.32322901755105715 1.4871361787809281 1764.0563278775226 4058.9599595924374 2939.6565327388234 713.80524420131405 1.3627931553201049 0.25824065580673039 34.596186074239085 0.084718112251721212 1.2562599489465345 0.113240769263939 10.619293122086674
leaf_count=42782 29354 2358 38028 2843 8397 27518 1171 9938 1031 3665 10297 939 724 2057 1731277 1496 4260 303 5634 1310 736 2357 987 977 2518 2659 1428 1090 8914 179013 242166 130997 48404 1285 430 843 235 1195 646 7
internal_value=-0.0275629 -0.0926968 -0.103117 -0.105537 -0.107698 -0.112711 -0.0773911 0.144187 0.191258 0.229489 0.106808 0.340058 0.101422 0.201773 0.00757373 0.0640861 0.220958 0.216806 0.105912 0.336601 0.202522 0.228237 0.252922 0.20969 0.0762319 0.149244 0.0550843 0.339815 0.00720027 0.00772729 0.00760773 0.00590316 0.0123496 0.370108 0.412315 0.0100617 0.114758 0.0471458 0.139107 0.0511109
internal_weight=15113.1 5292.63 5074.05 5042.74 5014.38 4282.49 731.893 218.572 90.6426 31.3175 22.2027 9.11472 127.929 14.4147 9820.44 54.3764 7.56973 28.3545 22.4313 5.92321 85.4503 7.11011 10.1682 82.4224 113.514 14.3153 99.1992 2.47516 9766.06 9478.16 9476.48 6998.62 2477.86 1.68602 6.28496 46.8067 1.6851 12.2105 0.197959 10.9543
internal_count=2552269 171087 105250 85204 75114 65546 9568 65837 12682 20046 15012 5034 53155 3768 2381182 39530 35989 10090 8477 1613 11651 4715 1711 10915 49387 5177 44210 6635 2341652 610375 600580 373163 227417 2375 1369 3541 9795 2698 881 1503
is_linear=0
shrinkage=0.010139


Tree=7
num_leaves=49
num_cat=0
split_feature=17 0 6 12 9 13 11 15 21 12 7 10 18 15 12 13 13 13 15 14 10 9 6 5 14 13 12 5 9 12 0 0 9 12 5 14 18 12 11 10 12 11 13 13 11 0 10 12
split_gain=294625 114196 37028.3 32165.4 5439.56 5660.86 3170.66 2213.61 2562.62 3331.3 2026.28 3292.32 2456.15 1991.25 1879.91 1317.1 1414.36 1269 1134.06 2019.21 1170.89 1100.28 3032.63 1436.21 894.775 821.727 1055.52 794.618 767.407 768.558 954.989 705.981 684.928 670.352 642.652 550.059 356.222 332.497 294.271 242.329 215.092 213.812 98.9944 52.7121 144.93 31.6327 28.0996 26.2943
threshold=1.0000000180025095e-35 1.0000000180025095e-35 5.0648077709906092 3765704.9050000003 1.5000000000000002 60.617091821524696 1.5000000000000002 4.5000000000000009 1.0000000180025095e-35 15002.005000000003 11.47585299313719 20625.940000000006 4.5000000000000009 10.500000000000002 11.985000000000001 1.0100272646071755 0.00216076604837907 368.60636568232741 2.5000000000000004 2.5000000000000004 53.310000000000009 1.5000000000000002 5.0083994625966346 0.99999999999221656 2.5000000000000004 0.79059576801298159 9.1650000000000009 0.99999999997863032 1424.5000000000002 117.90500000000002 3.5000000000000004 1.5000000000000002 10214.000000000002 2953988.1000000006 0.9999999999993896 8166.5000000000009 1.0000000180025095e-35 4549.7900000000009 4.5000000000000009 2262704.0200000005 0.12028800000000001 1.5000000000000002 0.74942118824820103 79222293.327919602 1.5000000000000002 1.5000000000000002 353249.60500000004 0.65745900000000013
decision_type=2 2 2 2 2 2 2 2 2 2 2 2 2 2 2 2 2 2 2 2 2 2 2 2 2 2 2 2 2 2 2 2 2 2 2 2 2 2 2 2 2 2 2 2 2 2 2 2
left_child=1 7 21 4 5 -4 -6 8 10 17 11 -1 -12 34 18 16 -5 -10 25 20 -20 23 -23 24 -3 42 41 36 31 30 -30 35 -28 -31 -9 -29 38 -36 -16 -24 46 -27 -2 -38 -45 -40 -21 -22
right_child=14 2 3 15 6 -7 -8 13 9 -11 12 -13 -14 -15 27 -17 -18 -19 19 40 47 22 39 -25 -26 26 32 28 29 33 -32 -33 -34 -35 37 -37 43 -39 45 -41 -42 -43 -44 44 -46 -47 -48 -49
leaf_value=0.093816508454993397 0 0.29618067148021754 -0.091063844840513053 0 -0.091407466322399572 -0.035529770897860122 -0.11859214901208801 0 0.25311802686870766 0 0 -0.0068835936280703842 0.16943270125536558 0 -0.001668924382258687 0 0.22967276055296601 0 0 0.050541960095650797 0.27478133832171836 -0.0023197017279201399 0 0 0 -0.0086531694303314966 -0.0015207944610697811 0.0074181041735939673 -0.00740110580449995 0.0075312663812449002 0.045287450027909286 -0.010315364143167206 0.076749599437485425 0.019551295796865958 0 -0.010164322578490431 -0.010325560475588844 0.27374205985377603 0.058511547939812301 0.22822392069917777 -0.00070880707196742702 0.020854230922160488 0.13708094918995931 -0.00922748351341947 0.01155247926195418 0 0 0
leaf_weight=93.028996047854889 0.50256732826528505 15.281934408005332 2770.5775973896489 2.7371936799609129 931.28632985007789 222.77435740821966 1576.5806618996139 0.87917852273677155 23.404975169454705 6.770172178032225 9.2648590021562978 45.869213357713306 44.268237589887576 3.1689929291023864 12.277169332010089 2.9804912512190631 26.433084529038751 2.0049686416896284 1.8361572898575134 11.107689190059318 0.65076570081873786 15.034680038457738 0.46006421223864835 1.8548123155633209 1.0253862024110265 77.441599770492758 12.336560916111919 1260.0911709558277 42.651699751615524 6689.9410910676233 116.08088743442204 390.64210310662747 32.090943947434425 524.01576801772171 0.43176094978116708 202.76256430496869 318.27576272225997 17.06779072820791 9.0295166694995697 2.2281805943057407 10.299143493801237 28.496981726319063 0.30287797983328346 92.903761905399733 43.200383878953289 0.7206176526378848 0.82314894325099963 0.033477185847004876
leaf_count=27817 2763 5501 33321 1491 12798 1293 27702 133 2016 2317 3802 16078 12283 765 13920 2480 6119 286 10156 199 33 12888 311 659 660 124318 37128 1021224 562 75822 785 720433 47 6231 39 2782 356825 301 39 27 1677 4050 87 1248 455 167 33 198
internal_value=-0.0262477 -0.0834554 -0.0929492 -0.0951658 -0.0971408 -0.0870626 -0.108837 0.127372 0.110062 0.194772 0.0886765 0.0612116 0.142137 0.229841 0.00745724 0.195027 0.211736 0.237034 0.0397636 0.0968557 0.221248 0.204203 0.0813683 0.261701 0.282946 0.0256807 0.0184869 0.00683111 0.00749575 0.00896379 0.0308252 0.00158963 0.0559672 0.00843757 0.259315 0.00487341 -0.00574939 0.268823 0.0278843 0.217385 0.0274593 0 0.128097 -0.00802065 -0.00167261 0.0555943 0.0479238 0.273606
internal_weight=15693.9 5815.41 5569.25 5533.37 5501.22 2993.35 2507.87 246.159 224.611 32.1801 192.431 138.898 53.5331 21.5477 9878.51 32.1508 29.1703 25.4099 175.922 24.7504 2.5204 35.8851 17.7229 18.1621 16.3073 151.172 150.366 9702.59 9226.19 7372.69 158.733 1853.5 44.4275 7213.96 18.3787 1462.85 476.407 17.4996 22.0273 2.68824 22.23 105.939 0.805445 454.38 136.104 9.75013 11.9308 0.684243
internal_count=2552269 171087 105250 85204 75114 34614 40500 65837 64599 4619 59980 43895 16085 1238 2381182 10090 7610 2302 180689 12296 10387 20046 13226 6820 6161 168393 165543 2200493 1827839 83400 1347 1744439 37175 82053 473 1024006 372654 340 14126 338 1909 128368 2850 358528 1703 206 232 231
is_linear=0
shrinkage=0.010139


Tree=8
num_leaves=40
num_cat=0
split_feature=17 0 6 12 15 12 5 12 9 11 15 11 15 15 21 12 11 7 15 10 10 5 19 10 13 13 13 15 0 0 5 9 5 12 12 18 5 12 9
split_gain=260746 102627 33104 28409.5 4462.15 4312.22 2295.26 1855.25 4371.07 3495.05 1619.78 2673.75 1899.71 1507.41 1799.97 2397.34 1687.06 1582.93 1415.27 1305.15 2873.86 2318.1 1117.5 951.245 878.697 813.614 1101.68 693.559 1237.36 719.348 446.059 362.855 358.562 332.832 228.777 183.487 38.4446 15.0712 11.0491
threshold=1.0000000180025095e-35 1.0000000180025095e-35 5.0648077709906092 3765704.9050000003 2.5000000000000004 16231.740000000002 0.99999999999884737 0.65745900000000013 2.5000000000000004 1.0000000180025095e-35 3.5000000000000004 1.5000000000000002 5.5000000000000009 4.5000000000000009 1.0000000180025095e-35 15002.005000000003 2.5000000000000004 11.47585299313719 10.500000000000002 108299.73500000002 126.825 0.99999999998803402 10.500000000000002 0.18857550000000003 368.60636568232741 1.0000511597811321 1.000244314819648 1.5000000000000002 4.5000000000000009 4.5000000000000009 0.9999999999993896 448.00000000000006 0.99999999655681615 8148.4350000000004 4549.7900000000009 13.500000000000002 0.99999997502526206 225886.94000000003 421.50000000000006
decision_type=2 2 2 2 2 2 2 2 2 2 2 2 2 2 2 2 2 2 2 2 2 2 2 2 2 2 2 2 2 2 2 2 2 2 2 2 2 2 2
left_child=1 13 19 4 6 -6 -4 8 9 -2 11 -5 -12 14 16 24 17 -1 30 20 22 -21 -3 -11 -16 -9 35 29 -29 -28 -15 36 -25 -23 -32 -27 38 -37 -10
right_child=7 2 3 10 5 -7 -8 25 31 23 12 -13 -14 18 15 -17 -18 -19 -20 21 -22 33 -24 32 -26 26 27 28 -30 -31 34 -33 -34 -35 -36 37 -38 -39 -40
leaf_value=0.063434583200017103 0 0 -0.11762742673071841 0.16385415319797864 -0.056055919014926799 -0.087555464636059677 -0.091481519351302415 -0.0095411500528162704 0 0 0.30482545450670756 -0.0029197791522600205 0 0 0.2078173428750669 0 -0.0035563488103352659 0.13731399497200292 0 0 -0.0026593637557790332 0.30388393096497607 0.20855459812836549 0.35135414186019004 0 0 0.01620204071835114 0.0020396541244280145 0.010659703816103615 0.0047895548689101163 0 -0.006616887399454565 0 0 0.22503546291082421 0.14185824138658981 0 0 0.049184055891532699
leaf_weight=134.46737160209159 5.0968306746071885 2.8378485561406732 542.54720549606282 12.487689367262648 817.89414545603358 1292.2073650557249 3320.3646408703862 286.16271806697478 0.33674818690633124 0.86468057529418763 7.268605114601085 16.83635244006291 2.2757588338281494 0.87917852273677155 29.799567136185946 6.770172178032225 19.177074436563998 55.521317090067896 3.1689929291023864 2.9006232425599583 16.029858332723961 11.017295823257879 8.4162834306334826 2.1588859361654618 2.0049686416896284 0.93942017004883271 1569.326573492348 4086.8786798115034 2990.1144530106394 946.57953362408443 0.43176094978116708 34.344246787324664 0.29084612680890121 0.35393753346579693 22.129728584346594 0.059864234121050686 1.2535888050188067 0.067972806573379785 11.510473092494067
leaf_count=38948 29770 2412 14034 2843 6293 15901 38886 1775498 1496 3869 303 5634 1310 133 2016 2317 7095 13937 765 3665 10297 718 2303 1790 286 5636 109669 209615 152865 87911 39 843 560 651 301 63 1195 395 7
internal_value=-0.0250515 -0.0758832 -0.0846154 -0.0866761 -0.0885355 -0.0756331 -0.0953986 0.00734338 0.0623178 0.20868 0.165238 0.0841249 0.262596 0.113584 0.0991441 0.166222 0.0810298 0.0898911 0.194073 0.179366 0.0896667 0.256788 0.17533 0.312478 0.196669 0.00697579 0.00748595 0.00736666 0.00570332 0.0119749 0.215043 0.00978969 0.340712 0.297972 0.221648 0.123839 0.0445407 0.140491 0.0481445
internal_weight=16263.8 6327.79 6053.44 6011.88 5973.01 2110.1 3862.91 9935.99 55.8563 8.41124 38.8684 29.324 9.54436 274.35 247.74 38.5747 209.166 189.989 26.6097 41.5558 27.284 14.2719 11.2541 3.31441 31.8045 9880.13 9593.97 9592.9 7076.99 2515.91 23.4407 47.4451 2.44973 11.3712 22.5615 1.06726 13.1008 0.127837 11.8472
internal_count=2552269 171087 105250 85204 75114 22194 52920 2381182 39530 35989 10090 8477 1613 65837 64599 4619 59980 52885 1238 20046 15012 5034 4715 6219 2302 2341652 566154 560060 362480 197580 473 3541 2350 1369 340 6094 2698 458 1503
is_linear=0
shrinkage=0.010139


Tree=9
num_leaves=48
num_cat=0
split_feature=17 0 6 12 21 10 7 19 12 12 6 19 15 12 12 13 11 15 15 14 10 10 19 13 12 5 9 12 0 5 13 10 0 15 9 19 14 12 18 11 11 12 13 13 11 13 10
split_gain=233209 93070.4 29924.7 25846 4029.29 3202.5 3154.49 1975.14 1810.64 1248.2 3762.38 1942.05 1392.03 1747.94 1401.03 1696.52 1163.84 1063.66 1038.18 1876.09 1058.51 898.898 806.442 801.978 976.599 766.249 726.508 718.439 885.308 703.702 702.688 692.058 691.303 636.592 613.762 590.667 536.926 526.529 348.437 281.648 207.494 198.609 96.0306 51.999 141.739 30.2088 25.3478
threshold=1.0000000180025095e-35 1.0000000180025095e-35 5.0648077709906092 3765704.9050000003 1.0000000180025095e-35 43454.805000000008 7.9624853397363555 5.5000000000000009 11.985000000000001 16858.780000000002 11.469600392381535 4.5000000000000009 1.5000000000000002 1642.0150000000001 2255.8000000000006 0.35368790341619311 2.5000000000000004 1.5000000000000002 2.5000000000000004 2.5000000000000004 53.310000000000009 20625.940000000006 11.500000000000002 0.79059576801298159 9.1650000000000009 0.99999999997863032 1424.5000000000002 117.90500000000002 3.5000000000000004 0.99999999993919142 0.16837523111743632 1591.6750000000002 1.5000000000000002 4.5000000000000009 10214.000000000002 3.5000000000000004 8166.5000000000009 12269.225 1.0000000180025095e-35 4.5000000000000009 1.5000000000000002 0.12028800000000001 0.74942118824820103 79222293.327919602 1.5000000000000002 1410272.6880347969 353249.60500000004
decision_type=2 2 2 2 2 2 2 2 2 2 2 2 2 2 2 2 2 2 2 2 2 2 2 2 2 2 2 2 2 2 2 2 2 2 2 2 2 2 2 2 2 2 2 2 2 2 2
left_child=1 9 29 4 5 -4 -6 -5 18 12 21 -12 13 31 30 -16 -13 -9 23 20 -20 22 -11 42 40 38 32 28 -28 -3 -14 -1 36 -29 -26 -31 -27 -37 39 -10 -25 46 -2 -40 -45 -41 -21
right_child=8 2 3 7 6 -7 -8 17 25 10 11 16 14 -15 15 -17 -18 -19 19 41 -22 -23 -24 24 34 26 27 33 -30 35 -32 -33 -34 -35 -36 37 -38 -39 43 45 -42 -43 -44 44 -46 -47 -48
leaf_value=0 0 0 -0.077537365215784554 0 -0.082310921394064845 -0.094796960516730311 -0.0423006238596614 0 -0.0016916792303901973 -0.00091896019753436107 -0.00042589354292259842 0.14629493260219228 0.099681277314604078 -0.0043802211199279835 0 0.17059081508720972 0 0.18780921597931097 0 0.047620145669571588 0.25533357569084802 -0.00708990649329155 0.095283445381141585 -0.0086392179250666633 -0.0015102163152171967 0.00723211398854359 -0.0074069691840770776 0.0079253482596472191 0.042930996546427111 0 -0.0022800432228341138 0.15759559280727095 -0.010311877372616797 0.050475987030874518 0.071688704736892039 0.18003768268477074 -0.010156921601901368 0 -0.010322422470164279 0 0.020265087216479037 -0.00073211204692853814 0.13370523164564624 -0.009225384602286283 0.011220512439963592 0.056586125497849145 0
leaf_weight=3.1163219392183219 0.51055719575378944 2.4025785394333061 3243.1610668567046 6.9272349994716924 390.36040751678956 2276.9245820828619 519.68865270282913 3.0024156266445052 12.315693367505446 11.548076765073349 10.664382116592604 66.745689293704345 2.9308518980979015 22.921329370568856 5.6637526862323275 88.931948492216179 5.2555282633402376 33.586538812684012 1.8823879631672782 11.99991858296562 1.2426004519802516 49.33025874554005 14.393746354093308 77.040049480565358 12.305953767805475 1272.224326919124 42.708796478807926 7280.3290395978547 121.34495696562226 1.8580152358335897 14.825381822534835 6.2883032810641453 388.19146026911039 30.087302783344057 34.46623483300209 41.374189160458627 201.92264152003918 1.5485072259034485 316.57384525534871 0.72863969387253646 29.157519685002626 10.337032706360331 0.48428250719734933 92.820861077852896 43.917212410218781 9.4894483983516693 0.81954050069907758
leaf_count=4116 2763 7374 36124 2134 5678 29422 3890 1718 13920 2602 3898 11201 492 6434 816 8264 1751 6238 10156 199 231 15858 2187 124318 37128 1021224 562 81888 785 1095 7416 802 720433 165 47 7222 2782 4355 356825 204 4050 1677 87 1248 455 2 33
internal_value=-0.0239646 -0.069624 -0.0777241 -0.0796521 -0.0813871 -0.0847927 -0.0601004 0.149218 0.00723158 0.102271 0.0740664 0.118645 0.127276 0.0477045 0.144949 0.16055 0.135941 0.174306 0.0385661 0.0919154 0.20799 0.0176285 0.0587673 0.0250223 0.0179836 0.00661699 0.00726196 0.00867556 0.0294851 0.159807 0.0349882 0.126543 0.00152261 0.00816533 0.0530024 0.167628 0.00474318 0.174189 -0.00574668 0.0272038 0 0.0262328 0.124988 -0.0080158 -0.00171928 0.0537943 0.0452462
internal_weight=16816.4 6823.45 6520.83 6473.65 6430.13 5520.09 910.049 43.5162 9992.9 302.616 157.938 82.6656 144.678 32.326 112.352 94.5957 72.0012 36.589 180.246 26.2815 3.12499 75.2721 25.9418 153.965 152.97 9812.65 9336.81 7474.47 164.054 47.1833 17.7562 9.40463 1862.34 7310.42 46.7722 44.7807 1474.15 42.9227 475.846 22.5338 106.198 23.1565 0.99484 453.312 136.738 10.2181 12.8195
internal_count=2552269 171087 105250 85204 75114 65546 9568 10090 2381182 65837 37497 16850 28340 11352 16988 9080 12952 7956 180689 12296 10387 20647 4789 168393 165543 2200493 1827839 83400 1347 20046 7908 4918 1744439 82053 37175 12672 1024006 11577 372654 14126 128368 1909 2850 358528 1703 206 232
is_linear=0
shrinkage=0.010139


Tree=10
num_leaves=38
num_cat=0
split_feature=17 0 6 12 9 15 11 12 13 14 18 15 21 12 18 10 12 15 18 10 15 14 13 13 5 15 0 0 13 15 9 5 18 15 12 15 12
split_gain=210235 84995.6 26847.4 23342.7 3357.16 4371.51 2315.86 1778.96 3923.51 2908.44 1520.25 926.899 1104.4 1511.79 1382.95 1585.43 1082.5 923.707 1543.36 936.681 903.17 823.19 783.612 1105.23 701.91 657.386 1180.74 688.4 553.287 384.593 338.307 275.704 183.016 170.185 153.032 35.0623 15.0367
threshold=1.0000000180025095e-35 1.0000000180025095e-35 5.0648077709906092 3765704.9050000003 1.5000000000000002 1.5000000000000002 1.0000000180025095e-35 0.65745900000000013 152.28613325396313 1.5000000000000002 5.5000000000000009 4.5000000000000009 1.0000000180025095e-35 15002.005000000003 12.500000000000002 1425068.9950000003 16858.780000000002 3.5000000000000004 10.500000000000002 108299.73500000002 10.500000000000002 1.5000000000000002 1.0000511597811321 1.000244314819648 0.99999998750889385 1.5000000000000002 4.5000000000000009 5.5000000000000009 368.60636568232741 1.5000000000000002 448.00000000000006 0.9999999999993896 13.500000000000002 10.500000000000002 4549.7900000000009 2.5000000000000004 225886.94000000003
decision_type=2 2 2 2 2 2 2 2 2 2 2 2 2 2 2 2 2 2 2 2 2 2 2 2 2 2 2 2 2 2 2 2 2 2 2 2 2
left_child=1 11 17 4 5 -4 -6 8 9 -2 -5 12 14 28 16 -16 -1 18 -3 -20 31 -12 -9 32 -11 27 -27 -25 -14 -26 35 -13 -24 -19 -33 -10 -34
right_child=7 2 3 10 6 -7 -8 22 30 24 21 20 13 -15 15 -17 -18 33 19 -21 -22 -23 23 25 29 26 -28 -29 -30 -31 -32 34 36 -35 -36 -37 -38
leaf_value=0.078844526115745453 0 -0.0016611142575017543 -0.09142193630140949 0 -0.058445923061728799 -0.062286291480248362 -0.087146898378324233 -0.0095349185050789959 0 0 0 0 0.15610770212752495 0 0.1554485164624814 0 0.028290654713101746 0.21761042812139972 0.036056774432667374 0.17358042094678003 0 0.16027529751471964 0 0.014923228828003506 0 0.0019452866249867749 0.010317980620602241 0.0030697262778040021 0 0.31127000173147162 -0.006585099758207905 0 0.14166625533744334 0 0.17007516136467193 0.045418943063196507 0
leaf_weight=96.821320587201626 5.108888756731174 13.270080172456799 721.87800986221555 6.9744209063210283 422.76147656268222 2978.4829874417519 2750.6755513006137 283.16107934786123 1.2657804439077125 0.8059156469098524 3.1152676589845205 0.91763131885090743 41.330057105835294 6.9989822668139814 27.543084502889542 7.1945445339661083 112.83131374519144 12.886465132527515 17.186756450726538 11.427653737118815 3.3381242597679366 40.204952715663239 0.93921874742954858 1824.2215363886644 0.39720827342534937 4114.2675422926695 3035.4796568448946 733.01357017364353 2.1518609623599323 3.3544907711038832 34.09412319639523 0.49131725635379808 0.069336280925199389 0.34332267788704562 31.105494708550395 12.738940448645735 0.067989271497935988
leaf_count=23632 29409 8870 8960 2080 3691 25654 36809 1775498 2045 4415 1508 133 2016 2317 4985 1736 29627 449 7855 2754 765 6502 5636 127192 1234 209615 152865 70388 286 1390 843 39 63 118 301 194 395
internal_value=-0.0229663 -0.0643088 -0.0718634 -0.0736966 -0.0753444 -0.0681692 -0.0835006 0.00712268 0.060159 0.192608 0.130479 0.0928924 0.0820562 0.129819 0.0682504 0.127186 0.0540015 0.138223 0.083679 0.118238 0.150299 0.149813 0.00676148 0.00725412 0.279013 0.00713622 0.00552109 0.0115836 0.149072 0.299853 0.00951317 0.163713 0.123693 0.213824 0.167804 0.0421059 0.140302
internal_weight=17358.9 7309.93 6979.21 6924.09 6873.8 3700.36 3173.44 10049 57.7653 9.6665 50.2946 330.724 294.871 50.4809 244.39 34.7376 209.653 55.1143 41.8845 28.6144 35.8526 43.3202 9991.22 9708.06 4.55761 9706.98 7149.75 2557.24 43.4819 3.7517 48.0988 32.5144 1.07654 13.2298 31.5968 14.0047 0.137326
internal_count=2552269 171087 105250 85204 75114 34614 40500 2381182 39530 36448 10090 65837 64599 4619 59980 6721 53259 20046 19479 10609 1238 8010 2341652 566154 7039 560060 362480 197580 2302 2624 3082 473 6094 567 340 2239 458
is_linear=0
shrinkage=0.010139


Tree=11
num_leaves=51
num_cat=0
split_feature=17 0 6 12 21 15 12 12 15 18 15 15 14 10 15 13 18 13 12 5 18 12 6 19 14 10 12 9 0 12 0 12 15 19 10 9 14 14 14 18 11 11 12 13 13 11 12 10 0 10
split_gain=190980 78183.2 24675 21273.4 3128.95 2755.48 2357.27 1736.01 1229.54 2681.45 1275.78 927.466 1635.82 910.925 791.372 1385.29 1792.83 769.702 906.418 739.455 717.916 704.311 3259.8 1445.13 818.287 809.272 696.542 688.002 677.359 672.24 822.454 624.101 553.587 1360.06 711.623 553.583 524.39 439.923 433.394 340.905 269.699 201.313 184.13 92.8085 51.2948 138.666 46.966 41.2253 28.854 23.174
threshold=1.0000000180025095e-35 1.0000000180025095e-35 5.0648077709906092 3765704.9050000003 1.0000000180025095e-35 3.5000000000000004 28464.635000000002 11.985000000000001 3.5000000000000004 12.500000000000002 5.5000000000000009 2.5000000000000004 2.5000000000000004 53.310000000000009 1.5000000000000002 1.0100272646071755 5.5000000000000009 0.79059576801298159 9.1650000000000009 0.99999999997863032 13.500000000000002 16858.780000000002 11.803419504971329 5.5000000000000009 3.5000000000000004 20625.940000000006 2255.8000000000006 1424.5000000000002 1.5000000000000002 117.90500000000002 3.5000000000000004 2953988.1000000006 3.5000000000000004 10.500000000000002 108299.73500000002 10214.000000000002 8166.5000000000009 2.5000000000000004 2.5000000000000004 1.0000000180025095e-35 4.5000000000000009 1.5000000000000002 0.12028800000000001 0.74942118824820103 79222293.327919602 1.5000000000000002 130.20000000000002 53.310000000000009 1.5000000000000002 353249.60500000004
decision_type=2 2 2 2 2 2 2 2 2 2 2 2 2 2 2 2 2 2 2 2 2 2 2 2 2 2 2 2 2 2 2 2 2 2 2 2 2 2 2 2 2 2 2 2 2 2 2 2 2 2
left_child=1 14 32 4 6 -6 -4 11 9 -5 -10 17 13 -13 15 20 38 43 41 39 -1 24 25 -24 26 -23 -16 28 36 30 -29 -31 33 -3 -35 -20 -21 -22 -17 40 -9 -19 49 -2 -41 -46 -34 -48 -42 -14
right_child=7 2 3 8 5 -7 -8 19 10 -11 -12 12 42 -15 21 16 -18 18 35 27 37 22 23 -25 -26 -27 -28 29 -30 31 -32 -33 46 34 -36 -37 -38 -39 -40 44 48 -43 -44 -45 45 -47 47 -49 -50 -51
leaf_value=-0.0068324655337703684 0 -0.001659889183768517 -0.065808706217716867 -0.004818162887120836 -0.061728422466859174 -0.020898832621201267 -0.079534970066981889 -0.0017120826586590992 0.21198088908581852 0.14195845617362907 0 0 0.044995807010183325 0.23022177388555268 0.033556340927257365 0.16513849610784812 -0.00035561053519884663 -0.0086252149578853205 -0.0014997733876667961 0.00705614340731238 0 0.054900317672301989 0 0.13322264499305472 0 -0.0069625328001260544 0.12836509684752329 -0.0074106560084349392 -0.010308204483554552 0.0070382164805306369 0.040760403963590305 0.01843354543259422 0 0.034928592344276414 0.15536439378228922 0.067236788759900273 -0.010149032550468203 0.11613525422655119 0 -0.010318973361243189 0.054751246734578714 0.019686525397549316 -0.00076272480095812816 0.1291431428375395 -0.0092231278888927036 0.010900544910537035 0 0.18782111679685637 0 0
leaf_weight=45.353174789110199 0.52639867138350271 13.267708750077871 3056.3753586190905 25.288098047007225 779.17260243038618 240.2544145284046 3228.9303364034276 12.34984951565275 13.402904945833145 15.348489145544589 3.0543575705378307 1.9559430028894009 12.872619692236185 2.1481746521603782 18.572068130379193 12.327686693213765 10.472319031759978 76.636584247389692 12.275701206453958 1283.8944852431596 4.1918770662305169 27.91245290308143 8.1823834359092853 57.233111069901497 5.288755794739699 46.89262959221378 118.19571773454663 42.742627181112766 385.7216668879264 6861.3026494224905 126.59336005392834 543.36117830709554 0.12508571290527726 17.800824606325481 13.498563243163515 36.797889269888401 201.02947763865814 1.5848787305731091 1.569880180293693 314.83459618940833 9.951700067103955 29.830451597139472 10.388264595225335 0.74333499310887419 92.73008946502523 44.626102848531445 0.1088689651805933 15.934784325218059 0.73537967068841759 0.82251782884122882
leaf_count=16592 2763 9429 29654 6407 8397 1171 35892 13920 303 2070 1310 10156 199 231 7227 1025 3990 124318 37128 1021224 1129 4400 2312 6115 1542 12363 8219 562 720433 75822 785 6231 21 7410 2640 47 2782 178 745 356825 39 4050 1677 87 1248 455 82 464 167 33
internal_value=-0.022051 -0.0597849 -0.0668662 -0.068596 -0.0701658 -0.0524249 -0.0729619 0.00701512 0.115634 0.0618963 0.183576 0.0373125 0.0863675 0.189462 0.0852212 0.0456196 0.0987281 0.0243721 0.0174989 0.00641243 0.0092693 0.0940235 0.068359 0.117113 0.114025 0.0177693 0.118583 0.00703879 0.00145986 0.0084006 0.0282305 0.00790566 0.125949 0.0788221 0.109315 0.0503216 0.00462039 0.076042 0.152232 -0.00574341 0.026548 0 0.0250694 0.120716 -0.00801049 -0.0017647 0.185857 0.186903 0.0520798 0.0428139
internal_weight=17885.2 7780.34 7422.56 7361.83 7304.73 1019.43 6285.31 10104.9 57.0938 40.6366 16.4573 184.998 28.1875 4.10412 357.777 75.4998 24.3699 156.81 155.541 9919.87 51.1299 282.277 140.221 65.4155 142.057 74.8051 136.768 9444.65 1870.65 7574 169.336 7404.66 60.7358 44.5671 31.2994 49.0736 1484.92 5.77676 13.8976 475.228 23.0369 106.467 24.0834 1.26973 452.191 137.356 16.1687 16.0437 10.6871 13.6951
internal_count=2552269 171087 105250 85204 75114 9568 65546 2381182 10090 8477 1613 180689 12296 10387 65837 23659 5760 168393 165543 2200493 17899 42178 25190 8427 16988 16763 15446 1827839 1744439 83400 1347 82053 20046 19479 10050 37175 1024006 1307 1770 372654 14126 128368 1909 2850 358528 1703 567 546 206 232
is_linear=0
shrinkage=0.010139


Tree=12
num_leaves=46
num_cat=0
split_feature=17 0 6 12 15 11 12 19 15 14 10 13 12 5 9 9 9 9 12 13 13 13 9 13 10 7 6 14 9 13 12 19 14 5 18 12 19 11 11 12 13 13 11 13 10
split_gain=174622 72323.8 22784.3 19697.6 2766.39 3949.28 1687.93 1036.39 882.627 1516.8 822.908 762.668 849.372 719.407 665.175 670.757 653.869 974.971 928.121 629.379 622.705 2446.34 1508.27 924.91 802.553 762.935 731.239 622.086 508.87 485.569 462.668 456.216 419.122 408.545 334.099 315.256 303.293 258.239 196.517 177.071 90.607 51.2369 136.322 27.4351 22.1416
threshold=1.0000000180025095e-35 1.0000000180025095e-35 5.0648077709906092 3765704.9050000003 1.5000000000000002 1.5000000000000002 11.985000000000001 5.5000000000000009 2.5000000000000004 2.5000000000000004 53.310000000000009 0.79059576801298159 9.1650000000000009 0.99999999997863032 1424.5000000000002 1050.5000000000002 2135.5000000000005 4795.5000000000009 41406.48000000001 1.0100272646071755 1.0025619122437928 0.85624233328125954 1.0000000180025095e-35 0.48103810331571178 3010.0250000000001 7.7330528983123346 13.999453672523165 10.500000000000002 10214.000000000002 1.0000511597811321 4743.5000000000009 3.5000000000000004 4.5000000000000009 0.99999999993919142 1.0000000180025095e-35 12269.225 3.5000000000000004 4.5000000000000009 1.5000000000000002 0.12028800000000001 0.74942118824820103 79222293.327919602 1.5000000000000002 1410272.6880347969 353249.60500000004
decision_type=2 2 2 2 2 2 2 2 2 2 2 2 2 2 2 2 2 2 2 2 2 2 2 2 2 2 2 2 2 2 2 2 2 2 2 2 2 2 2 2 2 2 2 2 2
left_child=1 20 33 4 27 -6 8 -5 11 10 -10 40 38 34 15 29 18 -18 -16 -9 21 23 25 30 -25 -23 31 -4 -14 -15 -1 -22 -33 -3 37 36 -35 -8 -13 44 -2 -36 -43 -39 -11
right_child=6 2 3 7 5 -7 13 19 9 39 -12 12 28 14 16 -17 17 -19 -20 -21 26 22 -24 24 -26 -27 -28 -29 -30 -31 -32 32 -34 35 41 -37 -38 43 -40 -41 -42 42 -44 -45 -46
leaf_value=0.10999362426051465 0 0 -0.078390589732543731 0 -0.050997026979225799 -0.068738009899662389 -0.0017028193198120902 0.12753653173707913 0 0.043762536933169102 0.21729731657374068 -0.0086054167780317565 -0.0014915781556090451 -0.0093340326017611538 0.026592179877306811 -0.010556912633649303 2.5948588694328866e-05 0.0092413213194450679 0.0059047749474033804 0 0 -0.0026134070858372703 -0.0069707171487512288 0 0.15220661357785895 0.065266382140099888 0 0 0.063792096157023456 0.0068861684927988397 0.033031104167617564 0.11869320132991279 0 0 -0.010306780082335962 0 0.12665506280167907 0 0.01926995496258543 -0.00075850135790861775 0.12743980762800272 -0.0092023140007861243 0.010722374191034499 0.053062928367323285 0
leaf_weight=11.699958201730622 0.52639867138350271 2.5957016032189122 1675.6514716656711 7.0978438748861654 2270.7878047333179 3767.4166418579298 12.331652873734129 51.504575283703161 1.9559430028894009 13.308320928394096 2.6920028210151941 76.054150919284439 12.258910604359697 210.79507316525269 455.28489059954882 370.98895035676833 1559.8321500066522 5140.6068732907879 470.61073306319304 3.6434660756785879 3.0888255864847443 15.837007301539414 47.128654356201878 3.3459257500071535 42.51492655131733 115.55875572413788 5.3687321538745882 8.7692411462739965 38.782380163669586 1291.3874436924671 45.740975514781894 91.440665940361214 2.681406572344712 1.716871561759034 312.03418595078983 1.8810064204881189 60.360684671861236 0.73734817012154863 30.324402607526281 10.38160079254885 0.84443799397558905 92.017934427844011 45.029051331977826 10.398481540381908 0.82251782884122882
leaf_count=871 2763 7374 20643 2134 16472 37989 13920 6018 10156 199 231 124318 37128 1317936 4053 5107 18432 55421 5494 1938 1244 8798 12517 427 1798 19852 1621 10 47 421396 6631 10593 1485 657 356825 4793 7222 204 4050 1677 87 1248 455 2 33
internal_value=-0.0212083 -0.0558834 -0.0625535 -0.0641946 -0.0656827 -0.0621537 0.00691008 0.106303 0.0365568 0.0837564 0.180466 0.0239257 0.0171484 0.0063144 0.00692719 0.0014412 0.00825873 0.00711346 0.016316 0.119518 0.0786994 0.0660822 0.0397099 0.105025 0.142001 0.0566565 0.105642 -0.0779451 0.0481908 0.00450851 0.0610651 0.111585 0.11529 0.115202 -0.00571079 0.119759 0.123275 0.0260022 0 0.0245482 0.119211 -0.00798516 -0.00174298 0.0505168 0.0416717
internal_weight=18395.8 8235.83 7851.43 7784.87 7722.63 6038.2 10160 62.2459 187.951 29.1604 4.64795 158.791 157.42 9972.05 9499.51 1873.17 7626.33 6700.44 925.896 55.148 384.406 281.826 178.524 103.302 45.8609 131.396 102.58 1684.42 51.0413 1502.18 57.4409 97.2109 94.1221 66.5543 472.549 63.9586 62.0776 23.4675 106.379 24.5124 1.37084 449.081 137.047 11.1358 14.1308
internal_count=2552269 171087 105250 85204 75114 54461 2381182 10090 180689 12296 10387 168393 165543 2200493 1827839 1744439 83400 73853 9547 7956 65837 50894 41167 9727 2225 28650 14943 20653 37175 1739332 7502 13322 12078 20046 372654 12672 7879 14126 128368 1909 2850 358528 1703 206 232
is_linear=0
shrinkage=0.010139


Tree=13
num_leaves=40
num_cat=0
split_feature=17 0 6 12 15 12 12 13 14 16 15 18 15 10 10 15 0 10 15 19 12 10 6 10 10 15 10 15 18 18 9 0 18 5 12 12 5 13 9
split_gain=160425 67149.2 20932.9 18180.2 2663.76 2736.71 1646.54 3213.55 2063.74 1614.11 887.039 2136.27 941.214 741.105 1014.35 611.223 1125.5 654.994 510.617 665.248 2108.19 1392.35 1384.36 1627.68 590.01 579.505 501.982 409.7 1092.39 613.465 306.361 305.567 263.166 177.84 99.0902 34.9246 30.5331 24.346 9.77031
threshold=1.0000000180025095e-35 1.0000000180025095e-35 5.0648077709906092 3765704.9050000003 2.5000000000000004 8148.4350000000004 0.65745900000000013 152.28613325396313 1.5000000000000002 1.0000000180025095e-35 3.5000000000000004 12.500000000000002 5.5000000000000009 220533.08500000005 232869.26000000001 1.5000000000000002 4.5000000000000009 34668588689.380013 4.5000000000000009 12.500000000000002 11301.530000000001 29497531.370000001 9.5571451147874296 1700085.7050000001 412043.33000000002 10.500000000000002 0.18857550000000003 3.5000000000000004 10.500000000000002 11.500000000000002 448.00000000000006 6.5000000000000009 13.500000000000002 0.9999999999993896 4549.7900000000009 130.20000000000002 0.99999997502526206 1.0000511597811321 421.50000000000006
decision_type=2 2 2 2 2 2 2 2 2 2 2 2 2 2 2 2 2 2 2 2 2 2 2 2 2 2 2 2 2 2 2 2 2 2 2 2 2 2 2
left_child=1 18 27 4 9 -6 7 8 -2 -4 11 -5 -12 -8 32 17 -17 -16 19 20 24 -22 -21 -24 -1 33 -10 28 -3 -30 36 -28 -15 -20 -35 -29 38 -34 -9
right_child=6 2 3 10 5 -7 13 30 26 -11 12 -13 -14 14 15 16 -18 -19 25 22 21 -23 23 -25 -26 -27 31 35 29 -31 -32 -33 37 34 -36 -37 -38 -39 -40
leaf_value=0.086000825101188033 0 -0.0021762882422228075 -0.066728010144222069 -0.0051544832053991001 -0.035261176456444242 -0.05920016212138085 -0.0095461415522396058 0 0 -0.00080392986921361839 0.16900810675832487 0.11715243917456328 0 0 0.013881900849988913 0.001780131354312129 0.009889348696517565 0.0017650581535200226 0 0 0.013361994849460261 0.10751816429663646 0.14755299375818892 0 0 0 0.25217667027440571 0 0.16265527941276622 0.047677420732947048 -0.0065466760601577342 0 0 0 0.12432727891312069 0.15010140397414315 0 0.14077055464972554 0.042722913658404998
leaf_weight=149.25468809506674 5.0424134041386406 14.588563347759189 5252.0003729194159 27.407403049277491 728.89567610745507 2107.5030751690647 277.78005299041979 0.37819311465136429 0.85643228766275559 41.762983443852136 18.384609163040299 19.777197144110687 3.4259592620219328 1.4657874390977657 1992.6889425517293 4163.2395398825611 3093.8417000143963 623.91995874022541 1.0581350026477583 9.4882583054422849 139.48453678915394 12.123583159424014 36.63740101957228 7.9796779761963981 6.8840055831096825 3.7753694729180998 5.7824606745853089 0.14066175723565066 5.8896979838609687 32.295476055078325 33.787559778997093 0.47351538034854446 0.11204002874728747 0.57144010183401306 44.098057657887693 21.408057515829569 1.2538536928332167 0.11384872699272819 13.685491391181131
leaf_count=22948 29409 8870 45254 6407 3996 18198 1731277 1598 3714 7666 303 2070 1310 8914 220092 242166 130997 7325 133 2338 32109 1996 2788 1814 606 765 2602 21 783 9826 843 723 674 39 301 546 634 207 7
internal_value=-0.0204241 -0.0524416 -0.0587475 -0.0603204 -0.0617457 -0.053192 0.00680723 0.0565158 0.166827 -0.0662288 0.0959881 0.0532275 0.148014 0.00645628 0.00692345 0.00680857 0.00525772 0.0110443 0.0729395 0.065246 0.0560634 0.026197 0.102761 0.123366 0.0819394 0.11155 0.228187 0.103247 0.0666515 0.0912289 0.00908993 0.2431 0.114668 0.120199 0.12285 0.149322 0.0388865 0.138562 0.04179
internal_weight=18899.3 8684.83 8273.48 8199.16 8130.16 2836.4 10214.4 61.2599 12.1548 5293.76 68.9952 47.1846 21.8106 10153.2 9875.38 9873.69 7257.08 2616.61 411.355 361.852 307.747 151.608 54.1053 44.6171 156.139 49.503 7.11241 74.3225 52.7737 38.1852 49.1051 6.25598 1.69168 45.7276 44.6695 21.5487 15.3175 0.225889 14.0637
internal_count=2552269 171087 105250 85204 75114 22194 2381182 39530 36448 52920 10090 8477 1613 2341652 610375 600580 373163 227417 65837 64599 57659 34105 6940 4602 23554 1238 7039 20046 19479 10609 3082 3325 9795 473 340 567 2239 881 1605
is_linear=0
shrinkage=0.010139


Tree=14
num_leaves=51
num_cat=0
split_feature=17 0 6 12 21 7 12 12 15 14 18 13 12 5 10 9 9 9 9 12 15 13 13 9 7 13 13 9 13 10 10 13 9 10 10 5 14 12 13 18 19 11 11 12 19 14 13 11 0 10
split_gain=148164 62638 19536.6 16967.8 2470.29 2191.6 1803.52 1608.72 761.334 1215.64 750.584 718.529 792.242 695.13 648.513 628.191 659.095 625.738 935.584 865.519 494.554 482.973 1875.74 1259.53 648.753 561.21 1855.22 737.118 548.62 599.176 673.63 469.539 463.254 393.657 1655.96 975.471 696.633 365.212 1297.95 326.865 318.098 247.705 191.073 164.679 153.905 85.4519 50.4882 133.487 26.2764 20.1869
threshold=1.0000000180025095e-35 1.0000000180025095e-35 5.0648077709906092 3765704.9050000003 1.0000000180025095e-35 7.9624853397363555 93082.385000000024 11.985000000000001 2.5000000000000004 2.5000000000000004 5.5000000000000009 0.79059576801298159 9.1650000000000009 0.99999999997863032 53.310000000000009 1424.5000000000002 1050.5000000000002 2135.5000000000005 4795.5000000000009 41406.48000000001 1.5000000000000002 0.85624233328125954 1.0025619122437928 1.0000000180025095e-35 7.7330528983123346 1.0143281745358539 5.2661061706769816 1.5000000000000002 0.48103810331571178 3010.0250000000001 353249.60500000004 1.0000511597811321 10214.000000000002 108299.73500000002 126.825 0.99999999998803402 1.5000000000000002 4743.5000000000009 0.035902672604808374 1.0000000180025095e-35 4.5000000000000009 4.5000000000000009 1.5000000000000002 0.12028800000000001 12.500000000000002 2.5000000000000004 79222293.327919602 1.5000000000000002 1.5000000000000002 353249.60500000004
decision_type=2 2 2 2 2 2 2 2 2 2 2 2 2 2 2 2 2 2 2 2 2 2 2 2 2 2 2 2 2 2 2 2 2 2 2 2 2 2 2 2 2 2 2 2 2 2 2 2 2 2
left_child=1 21 33 4 6 -6 -4 8 11 14 -5 45 42 39 -10 16 31 19 -19 -17 -12 28 23 24 -23 27 -27 -24 37 -30 -31 -15 -14 34 36 -35 -3 40 -39 41 -1 -9 -13 49 -37 -2 -41 -48 -43 -11
right_child=7 2 3 10 5 -7 -8 13 9 43 20 12 32 15 -16 17 -18 18 -20 -21 -22 22 25 -25 -26 26 -28 -29 29 30 -32 -33 -34 35 -36 44 -38 38 -40 46 -42 48 -44 -45 -46 -47 47 -49 -50 -51
leaf_value=0.11031273201018758 0 0.12590749328696146 -0.056472049531414728 0 -0.059661629109378445 -0.0306095922377328 -0.068097846892310562 -0.0017260122000164206 0 0.041461127536189343 0 -0.0085922839642900376 -0.001476798746635131 -0.0093222695497013047 0.18751155976532813 0.025558789117968658 -0.010548834651420915 0 0.0089463307108475203 0.005745872242966946 0.10489743157463637 -0.0030127408171510047 0.17798417428151223 -0.0070666058671328517 0.056721091538935432 -0.0045244055128988081 0.091009898910760459 0 0 0.1334413168220385 0 0.0067147183136438996 0.060201019247075063 0 -0.0043529530437393209 0.14752625628803215 0 0.089076017979855107 -0.0059923673478129774 -0.010303045849362877 0 0.051402009143305616 0.018756899227769672 -0.00078028043708340674 0 0.12163466611028194 -0.0092015479942775865 0.010419700970989289 0 0
leaf_weight=11.635247869095108 0.54087297420482983 18.006333422468746 4813.6405020026377 7.2205123887251821 515.57386056905307 663.97969790827483 2532.2015471443192 12.371091951979906 2.0066235810227253 14.168956914305454 4.0958880181133273 75.692672315446544 12.219682010298127 207.66631806484656 4.2150969395588618 467.90691063553095 368.95967816148186 1569.0797749470221 5212.0160683015274 474.8187889073015 63.055699185439153 17.11553639813792 10.985737942668491 48.729700119278277 131.21447328026989 23.67140040032973 83.808264453444281 2.4298282849340458 3.5928202595387111 48.988651084393496 3.582863968826131 1303.178865957263 41.042304366827011 4.7273561907350077 22.738348525250331 29.243485843398961 4.5891835927031925 15.750858334780785 33.611072975458228 310.25758074857004 2.5697391478170166 10.86034534598002 30.956815184428706 10.418713923078029 0.64858981949509953 1.2085084305144844 91.981002867803909 45.726398362545297 0.74438762328645758 0.81897954858141098
leaf_count=264 2597 2760 40351 2080 5678 3890 25195 13920 10156 199 1732 124318 37128 1317936 231 4053 5107 18432 55421 5494 6278 8798 698 12517 19852 8674 4777 794 427 1315 483 421396 47 3665 10297 1264 1955 2998 3633 356825 607 39 4050 1677 105 253 1248 455 167 33
internal_value=-0.0196985 -0.0494295 -0.0554148 -0.0569149 -0.0582757 -0.043687 -0.0605581 0.0067056 0.0352577 0.0777257 0.0889749 0.0233022 0.0166967 0.00612228 0.158459 0.0067181 0.00138987 0.00799924 0.00688256 0.0158088 0.0985775 0.067982 0.0574958 0.0351684 0.0493662 0.0889602 0.0701597 0.156048 0.090049 0.117217 0.124857 0.00440917 0.0459406 0.0958952 0.0554044 0.12736 0.105094 0.0548685 0.0302526 -0.00570802 0.0959797 0.0253743 0 0.0235015 0.144782 0.11387 -0.00797991 -0.00179152 0.0489585 0.0395431
internal_weight=19386.3 9117.41 8679.72 8599.77 8525.4 1179.55 7345.84 10268.9 193.289 31.6284 74.3721 161.661 159.911 10075.6 6.22172 9603.63 1879.8 7723.82 6781.1 942.726 67.1516 437.686 317.955 197.06 148.33 120.895 107.48 13.4156 119.731 56.1643 52.5715 1510.85 53.262 79.9533 45.3339 34.6194 22.5955 63.5669 49.3619 471.941 14.205 23.9758 106.649 25.4067 29.8921 1.74938 447.965 137.707 11.6047 14.9879
internal_count=2552269 171087 105250 85204 75114 9568 65546 2381182 180689 12296 10090 168393 165543 2200493 10387 1827839 1744439 83400 73853 9547 8010 65837 56110 41167 28650 14943 13451 1492 9727 2225 1798 1739332 37175 20046 15012 5034 4715 7502 6631 372654 871 14126 128368 1909 1369 2850 358528 1703 206 232
is_linear=0
shrinkage=0.010139


Tree=15
num_leaves=48
num_cat=0
split_feature=17 0 6 12 9 13 7 12 15 14 13 12 5 15 10 15 9 0 12 0 12 10 14 15 13 18 18 14 9 5 6 12 12 18 18 14 5 11 12 9 11 12 14 13 11 13 10
split_gain=137424 58684.9 18236 15812.7 2241.53 2923.59 1646.29 1560.3 712.483 1086.28 705.323 745.482 676.68 655.895 1814.4 720.542 607.674 650.227 616.047 752.659 597.067 570.051 508.494 447.774 978.438 1270.43 649.197 445.489 429.46 416.812 610.864 448.116 596.278 436.082 320.37 287.459 271.569 237.492 209.43 200.571 186.619 158.706 82.5673 50.4289 131.274 25.0162 19.3473
threshold=1.0000000180025095e-35 1.0000000180025095e-35 5.0648077709906092 3765704.9050000003 1.5000000000000002 60.617091821524696 8.2788915850546481 11.985000000000001 2.5000000000000004 2.5000000000000004 0.79059576801298159 9.1650000000000009 0.99999999997863032 3.5000000000000004 709713238.67000008 5.5000000000000009 1424.5000000000002 1.5000000000000002 117.90500000000002 3.5000000000000004 2953988.1000000006 53.310000000000009 8166.5000000000009 1.5000000000000002 1.0100272646071755 5.5000000000000009 13.500000000000002 2.5000000000000004 10214.000000000002 0.99999999999933309 6.0794525301336622 2255.8000000000006 16858.780000000002 4.5000000000000009 1.0000000180025095e-35 2.5000000000000004 0.99999999993919142 4.5000000000000009 12269.225 5.5000000000000009 1.5000000000000002 0.12028800000000001 2.5000000000000004 79222293.327919602 1.5000000000000002 1410272.6880347969 353249.60500000004
decision_type=2 2 2 2 2 2 2 2 2 2 2 2 2 2 2 2 2 2 2 2 2 2 2 2 2 2 2 2 2 2 2 2 2 2 2 2 2 2 2 2 2 2 2 2 2 2 2
left_child=1 23 36 4 5 -4 -6 8 10 21 42 40 34 14 -5 -15 17 22 19 -18 -20 -10 -14 24 26 35 -1 -28 -13 30 33 -31 -33 -25 37 -26 -3 -9 39 -38 -12 46 -2 -36 -45 -39 -11
right_child=7 2 3 13 6 -7 -8 12 9 41 11 28 16 15 -16 -17 18 -19 20 -21 -22 -23 -24 29 25 -27 27 -29 -30 31 -32 32 -34 -35 43 -37 38 45 -40 -41 -42 -43 -44 44 -46 -47 -48
leaf_value=-0.0072060142131970904 0 0 -0.052268656237568691 0.010966510014788437 -0.069421396009759273 -0.020064955084756048 -0.054976000150067601 -0.0017166781693850189 0 0.040390777730372918 -0.0085724605691602802 -0.0014687227041569331 0.0067860925737611181 0.138602483147334 0.14516882741986215 0 -0.0074775277899163739 -0.010289160403126728 0.0065559406081126077 0.037936957415359622 0.017533184955114099 0.17429749323975799 -0.010147746700928608 0.078693983349226185 0.12150336685516189 -0.0014149422365047181 0 0.10823720993580717 0.057418175188053672 0 -0.0044404031432225145 0.094121083606271777 0.056181619674283277 0 -0.010290871393601955 0 0.096265925291883658 0 0 0 0.018370274898810171 -0.00077596139823763084 0.11933908063576894 -0.0091807516577250177 0.010252769772765236 0.04986954385547257 0
leaf_weight=51.872770212316027 0.54087297420482983 2.8047828470007508 4434.5906549926567 46.226605276548071 1679.5825055975565 334.45177660934496 2460.2553053999636 12.352738816436613 2.0066235810227218 14.591677813237766 75.118588714554789 12.203239896145531 1301.9793506566639 23.634601001744162 7.3829022833087938 3.7721992780134306 43.44864808768034 379.17817902191018 7037.0077644994599 134.07077030994697 559.94706497502921 5.0475946750666481 200.82660106611729 18.32902489008848 18.839669496112041 12.586399961990535 5.0295425580552537 2.1855208723573014 42.945231318473816 6.3932559754175591 22.880972040147753 148.0253971775237 166.9676878680184 7.4305865287751649 307.49800731446885 1.8334966555266863 79.596996540756663 0.74580229268758458 2.0498109352920428 1.8770974944345642 31.441737276865751 10.411876758429569 1.3614215349662115 91.275069629977224 46.118686007059296 11.306602604687214 0.81897954858141098
leaf_count=16592 2597 7374 33321 8129 20280 1293 20220 13920 10156 199 124318 37128 1021224 303 348 1310 562 720433 75822 785 6231 231 2782 2194 1025 3990 1129 178 47 1058 4875 7072 21964 5015 356825 745 6765 204 4793 1114 4050 1677 253 1248 455 2 33
internal_value=-0.0190237 -0.0467536 -0.0524459 -0.0538838 -0.0551931 -0.0500661 -0.0609749 0.0066065 0.0345029 0.0749526 0.0228822 0.0163726 0.00603032 0.0814935 0.0465221 0.122492 0.0066136 0.00137231 0.00786689 0.0264225 0.00739464 0.148746 0.00441758 0.0638315 0.0361419 0.074809 0.00693556 0.0675652 0.044149 0.0696273 0.0305974 0.0744027 0.0760816 0.0587846 -0.0056759 0.112909 0.0886255 0.0248575 0.0916713 0.0940189 0 0.0230283 0.111835 -0.00795462 -0.00176987 0.0475371 0.0385467
internal_weight=19860.8 9538.6 9076.23 8989.9 8908.88 4769.04 4139.84 10322.2 196.488 32.8768 163.611 161.709 10125.8 81.0163 53.6095 27.4068 9656.46 1881.98 7774.47 177.519 7596.95 7.05422 1502.81 462.374 92.3474 33.2596 59.0878 7.21506 55.1485 370.027 48.6406 321.386 314.993 25.7596 469.297 20.6732 86.3287 24.4051 83.5239 81.4741 106.56 25.8225 1.90229 444.892 137.394 12.0524 15.4107
internal_count=2552269 171087 105250 85204 75114 34614 40500 2381182 180689 12296 168393 165543 2200493 10090 8477 1613 1827839 1744439 83400 1347 82053 10387 1024006 65837 23659 5760 17899 1307 37175 42178 12084 30094 29036 7209 372654 1770 20046 14126 12672 7879 128368 1909 2850 358528 1703 206 232
is_linear=0
shrinkage=0.010139


Tree=16
num_leaves=48
num_cat=0
split_feature=20 0 6 12 15 12 12 14 15 14 13 12 5 9 9 14 12 19 10 9 13 9 9 13 13 9 7 13 13 9 13 18 10 9 18 5 15 19 11 11 12 13 13 13 11 0 10
split_gain=127926 55104.9 17009.9 14895 2168.81 2197.83 1512.56 1345.75 663.869 962.492 690.5 702.709 658.828 588.076 642.338 593.54 1050.32 586.408 499.259 480.088 457.562 401.732 399.509 370.293 1506.29 1092.61 527.145 495.809 1505.89 574.912 351.519 314.019 295.767 1192.61 740.663 463.292 281.18 276.895 227.854 182.308 153.057 146.381 80.3234 50.3665 129.108 23.9036 18.5609
threshold=0.00090674068202446626 1.0000000180025095e-35 5.0648077709906092 3765704.9050000003 2.5000000000000004 8148.4350000000004 11.985000000000001 8.5000000000000018 2.5000000000000004 2.5000000000000004 0.79059576801298159 9.1650000000000009 0.99999999997863032 1424.5000000000002 1050.5000000000002 1347.0000000000002 41406.48000000001 5.5000000000000009 53.310000000000009 1825.0000000000002 1.0000511597811321 3.5000000000000004 10214.000000000002 0.85624233328125954 1.0025619122437928 1.0000000180025095e-35 7.7330528983123346 1.0143281745358539 5.2661061706769816 1.5000000000000002 0.010639558895095101 1.0000000180025095e-35 370886.11000000004 1.5000000000000002 10.500000000000002 0.99999999998803402 10.500000000000002 3.5000000000000004 4.5000000000000009 1.5000000000000002 0.12028800000000001 477.62488685262662 0.74942118824820103 79222293.327919602 1.5000000000000002 1.5000000000000002 353249.60500000004
decision_type=2 2 2 2 2 2 2 2 2 2 2 2 2 2 2 2 2 2 2 2 2 2 2 2 2 2 2 2 2 2 2 2 2 2 2 2 2 2 2 2 2 2 2 2 2 2 2
left_child=6 23 32 4 7 -6 8 -4 10 18 42 39 31 14 20 16 -15 -5 -10 -17 -14 -19 -13 30 25 26 -25 29 -29 -26 -2 38 33 34 -3 -34 37 -32 -8 -12 46 -37 -1 -33 -45 -40 -11
right_child=1 2 3 17 5 -7 12 -9 9 40 11 22 13 15 -16 19 -18 21 -20 -21 -22 -23 -24 24 27 -27 -28 28 -30 -31 36 43 35 -35 -36 41 -38 -39 45 -41 -42 -43 -44 44 -46 -47 -48
leaf_value=0 0 0 -0.056619648512998826 0 -0.030064551841508289 -0.0502240639859238 -0.0017073917271370985 -0.00047679691155155172 0 0.039368856133354585 -0.0085526159436247595 -0.0014606882022737879 -0.009315973948475071 0.044301108973477811 -0.010529357879639484 0.017551215601367468 0.0035303357005554989 0.089435373730201342 0.1616910118894779 0.0065059020745641743 0.0065569570447393923 0 0.054880858308262961 -0.0030013246743397174 0.15193464804238108 -0.0071662954452563522 0.050009456864520636 -0.0046938299317732394 0.078526365141049034 0 0 -0.010278734557352039 0 -0.0040479234047748605 0.097617151061977186 0 0 0.085751273421560567 0.048414365146878212 0.017995981221337821 -0.00077166563153713568 0.12893644043827793 0.11697195604943941 -0.0091599733666543701 0.010089667710484029 0 0
leaf_weight=0.54582709359237847 4.5271153536159536 7.822827870535547 6007.899186044986 7.4292948319198322 818.82274901776327 2407.4503154691556 12.334507932406268 47.990928154609719 2.0066235810227218 15.009364419209305 74.549623053826508 12.18690782561316 206.03444016135472 118.10958363860846 364.13933085218014 438.32337695197202 149.87343172144028 73.931531965499744 5.9604366186540574 7118.1112813139189 1314.1726118874649 4.4384650180727467 44.808859072625637 17.076429727574578 13.937204289977673 50.500279178988421 146.60119307297282 24.612298132225988 96.420633081157575 2.5245074052363625 3.1999080366804256 304.76236911167507 2.8108957907243193 21.223339490097715 35.40726399848063 0.7998386637482352 3.4138845559355095 125.28004537016386 11.750324746317345 31.922330672154203 10.405080830169025 25.760117429264938 1.5248113620618824 90.574994705311838 46.50716178015864 0.74805239251873068 0.81897954858141098
leaf_count=2763 2459 3106 52801 2134 3996 18198 13920 119 10156 199 124318 37128 1317936 712 5107 4288 1742 5510 231 76658 421396 2446 47 8798 698 12517 19852 8674 4777 794 621 356825 2128 10584 3459 410 594 6053 39 4050 1677 359 87 1248 455 167 33
internal_value=-0.0183925 -0.0443542 -0.0497882 -0.0511749 -0.0524287 -0.0452196 0.00650921 -0.0561925 0.0337578 0.0721926 0.022474 0.0160592 0.00594018 0.00651128 0.0013548 0.00773777 0.022576 0.0767523 0.139297 0.00717655 0.00430483 0.0842828 0.0424895 0.0599484 0.0510684 0.0316443 0.0439993 0.0774561 0.0615257 0.134801 0.0783184 -0.00564403 0.0812619 0.0540414 0.0809612 0.115284 0.0811939 0.0834908 0.0243539 0 0.0225696 0.125661 0.109669 -0.00792936 -0.00174843 0.0461808 0.0375938
internal_weight=20325.1 9949.88 9461.79 9367.96 9282.16 3226.27 10375.2 6055.89 199.739 34.2005 165.538 163.468 10175.4 9708.76 1884.35 7824.42 267.983 85.7993 7.96706 7556.43 1520.21 78.37 56.9958 488.093 351.673 214.178 163.678 137.495 121.033 16.4617 136.421 466.677 93.8243 64.4534 43.2301 29.3709 131.894 128.48 24.8329 106.472 26.2334 26.56 2.07064 441.845 137.082 12.4984 15.8283
internal_count=2552269 171087 105250 85204 75114 22194 2381182 52920 180689 12296 168393 165543 2200493 1827839 1744439 83400 2454 10090 10387 80946 1739332 7956 37175 65837 56110 41167 28650 14943 13451 1492 9727 372654 20046 17149 6565 2897 7268 6674 14126 128368 1909 769 2850 358528 1703 206 232
is_linear=0
shrinkage=0.010139


Tree=17
num_leaves=43
num_cat=0
split_feature=17 0 6 12 21 15 10 12 5 9 11 0 5 9 0 12 0 12 18 14 14 5 19 0 18 15 13 18 18 5 6 12 11 5 13 12 19 0 13 13 11 0
split_gain=119480 51870.3 15985.3 13979.2 2001.7 1933.46 1586.42 1465.57 641.618 622.999 2146.45 995.532 714.795 569.252 633.426 578.878 702.771 568.368 509.588 496.071 378.362 373.59 329.285 309.129 307.809 294.22 810.066 1060.96 618.483 287.262 544.753 351.666 218.753 209.172 186.734 206.025 168.079 165.065 62.6724 50.3011 126.99 22.7748
threshold=1.0000000180025095e-35 1.0000000180025095e-35 5.0648077709906092 3765704.9050000003 1.0000000180025095e-35 3.5000000000000004 62337.275000000009 11.985000000000001 0.99999999997863032 448.00000000000006 1.0000000180025095e-35 1.0000000180025095e-35 0.99999999986062715 1424.5000000000002 1.5000000000000002 117.90500000000002 3.5000000000000004 2953988.1000000006 5.5000000000000009 8166.5000000000009 1.5000000000000002 0.99999998750889385 1.5000000000000002 8.5000000000000018 1.0000000180025095e-35 1.5000000000000002 1.0100272646071755 5.5000000000000009 13.500000000000002 0.99999999999933309 6.0794525301336622 2255.8000000000006 4.5000000000000009 0.99999999993919142 168104.7660020841 3.4840540000000004 12.500000000000002 4.5000000000000009 2617434.6425520061 79222293.327919602 1.5000000000000002 1.5000000000000002
decision_type=2 2 2 2 2 2 2 2 2 2 2 2 2 2 2 2 2 2 2 2 2 2 2 2 2 2 2 2 2 2 2 2 2 2 2 2 2 2 2 2 2 2
left_child=1 22 23 4 6 -6 -4 9 24 10 -2 38 34 14 19 16 -15 -17 -5 -10 -20 -13 -1 33 32 26 28 -28 -24 30 -27 -31 -9 -3 35 -11 -35 -14 -12 -26 -41 -34
right_child=7 2 3 18 5 -7 -8 8 13 12 11 21 37 15 -16 17 -18 -19 20 -21 -22 -23 25 -25 39 29 27 -29 -30 31 -32 -33 41 36 -36 -37 -38 -39 -40 40 -42 -43
leaf_value=0 -0.0049921785457345547 0 -0.048042844495644811 0 -0.044297763916231386 -0.014198159434683253 -0.057977970463396145 -0.0016981522377411821 0.0066272769218244194 0.039411860935708143 0 0 0.051529629596912936 -0.007476467282309285 -0.010272739552484011 0.0063368220254740853 0.03614531933104017 0.016946257118828988 0 -0.010135390423186917 0.08246258763422884 0.17451610026905603 -0.0072155102677325094 0 -0.010266632648695408 0.053956847037963593 0.098938032922593608 -0.0016340507074783996 0.064608211744838565 0 -0.0044882397381055374 0.067185920818514711 0.047019618771127793 0.083508559820164835 -0.0084297013727614497 -0.0028461999617540416 0 0 0.03837679482325073 -0.0091392113987668853 0.0099302730405083205 0
leaf_weight=7.6849084793793727 26.442696487196372 2.6540410743327802 5175.9377319075484 7.4501913035928728 1019.2771512780182 304.43270054224195 3145.2001705243529 12.316397989168763 1312.9688082181092 15.233465445766344 3.2396330536867071 1.2023421045887506 47.556386195123196 43.43682299554348 374.01305506602512 7119.6582788398373 139.24495427514194 571.28305078450649 4.8436285828938699 199.47290531401813 80.016764117259299 11.329241955725591 52.021555713363341 4.1809023022506144 302.0505116123386 28.185718362219632 24.236203201988246 13.077999605578951 7.7930630692571858 6.242191773664671 23.085905916028423 351.61907159673865 12.1943052917195 91.331614902010188 62.987803355950746 14.770209772425003 2.0281708942638934 4.8429472893476477 15.428010152289062 89.880742244495195 46.891854552479344 0.74805239251873068
leaf_count=2011 160067 6746 38709 2080 8397 1171 26837 13920 1021224 82 6973 6133 74 562 720433 75822 785 6231 1508 2782 6502 5781 16065 1703 356825 6917 1661 3923 1307 1021 4744 28188 39 11138 1248 264 459 55 12 1248 455 167
internal_value=-0.0178016 -0.0421919 -0.047393 -0.0487277 -0.0499383 -0.037569 -0.0518586 0.00641429 0.00585241 0.0330245 0.0604782 0.108865 0.0190689 0.00641172 0.0013377 0.00761222 0.025356 0.00715359 0.0710404 0.00431139 0.0775999 0.163394 0.056426 0.0757877 -0.00561241 0.0574232 0.0339832 0.0670176 0.00674758 0.0620404 0.028686 0.0658623 0.0238634 0.0792662 0.000345999 0.0194794 0.0816206 0.0464409 0.0322969 -0.00790412 -0.00172721 0.0448859
internal_weight=20778.5 10351.3 9837.35 9737.16 9644.85 1323.71 8321.14 10427.2 10224.2 203.033 57.6419 31.1992 145.391 9760.08 1886.45 7873.62 182.682 7690.94 92.3106 1512.44 84.8604 12.5316 513.947 100.195 464.082 506.262 97.1288 37.3142 59.8146 409.133 51.2716 357.861 25.2588 96.0138 92.9915 30.0037 93.3598 52.3993 18.6676 438.823 136.773 12.9424
internal_count=2552269 171087 105250 85204 75114 9568 65546 2381182 2200493 180689 178966 18899 1723 1827839 1744439 83400 1347 82053 10090 1024006 8010 11914 65837 20046 372654 63826 22956 5584 17372 40870 11661 29209 14126 18343 1594 346 11597 129 6985 358528 1703 206
is_linear=0
shrinkage=0.010139


Tree=18
num_leaves=47
num_cat=0
split_feature=17 0 6 12 15 13 12 5 5 9 11 0 5 9 9 9 9 12 15 10 15 13 0 15 19 12 10 6 10 18 15 18 0 11 10 10 5 13 13 0 7 12 13 13 11 13
split_gain=111928 48937.9 15018.3 13162.2 1822.68 1900.18 1407.42 1276.88 624.902 573.152 1934.43 763.399 671.656 551.141 626.15 562.205 891.178 787.539 479.615 1542.7 545.841 446.044 324.007 322.106 463.727 1337.67 1299.23 921.739 998.958 763.977 356.744 301.742 269.567 210.16 196.407 1227.08 563.314 182.331 197.93 154.315 104.556 63.257 60.3154 50.2327 124.916 21.8708
threshold=1.0000000180025095e-35 1.0000000180025095e-35 5.0648077709906092 3765704.9050000003 2.5000000000000004 36.573163503770346 11.985000000000001 0.99999999999884737 0.99999999997863032 448.00000000000006 1.0000000180025095e-35 1.0000000180025095e-35 0.99999999986062715 1424.5000000000002 1050.5000000000002 2135.5000000000005 4795.5000000000009 41406.48000000001 3.5000000000000004 709713238.67000008 5.5000000000000009 1.0000511597811321 6.5000000000000009 4.5000000000000009 12.500000000000002 16858.780000000002 335450.55000000005 9.5571451147874296 1700085.7050000001 4.5000000000000009 10.500000000000002 1.0000000180025095e-35 8.5000000000000018 4.5000000000000009 108299.73500000002 126.825 0.99999999998803402 168104.7660020841 99032.941071676949 4.5000000000000009 7.392367308933653 4549.7900000000009 2617434.6425520061 79222293.327919602 1.5000000000000002 1410272.6880347969
decision_type=2 2 2 2 2 2 2 2 2 2 2 2 2 2 2 2 2 2 2 2 2 2 2 2 2 2 2 2 2 2 2 2 2 2 2 2 2 2 2 2 2 2 2 2 2 2
left_child=1 23 32 4 7 -6 9 -4 31 10 -2 42 37 14 21 17 -17 -15 19 -5 -20 -10 -13 24 25 29 -27 -26 -29 -1 40 33 34 -8 35 -3 -36 38 -11 -14 -25 -42 -12 -33 -45 -35
right_child=6 2 3 18 5 -7 8 -9 13 12 11 22 39 15 -16 16 -18 -19 20 -21 -22 -23 -24 30 27 26 -28 28 -30 -31 -32 43 -34 45 36 -37 -38 -39 -40 -41 41 -43 -44 44 -46 -47
leaf_value=0.077025846299476397 -0.0049718476163826721 0.081825313060924207 -0.063007839636872981 0.0084390084851932862 -0.044037106974172124 -0.019438012763112973 -0.0016889600160091133 -0.048898578728071185 -0.0093096046126354571 -0.0028325401584430861 0 0.15681262598126947 0.04944450796984351 0.023783160291500648 -0.010510124166093347 -0.00014535951649895449 0.0084200733066951 0.0052405234099509087 0.10966309229614944 0.12255068553259146 0 0.0064044126302388784 0 0 -0.00092772524214403704 -0.0083904263203388521 0.046467117923199991 0.10317868424378615 0 0.034345733035499176 0 -0.010254564730210461 0 0 0 -0.0048227930688771155 0.10416808616261819 -0.0084065885983451265 0.038305156621099887 0 0 0.08702594335347244 0.037444985918449074 -0.0091184648907648835 0.0097744655841636319 0.045704923431654547
leaf_weight=111.82131277727422 26.312675138571649 30.117193193596904 936.52039916640206 53.397438599378802 3061.4999898825408 397.11224859405411 12.298407423033495 5601.4583928409756 204.40801352998824 14.73832918170956 3.2396330536867035 13.312702733499462 49.363211803138256 491.19552759081125 359.3765475043474 1598.4123677905154 5344.084854097935 488.67946299751929 31.073036359390244 9.8959440349572088 4.3865742341586147 1324.9591300680331 1.2730699389212521 1.1888359079312056 11.491314892424269 87.880396722917794 74.147264725004788 53.779773374961223 9.2831201752851467 121.85483979569108 4.3853662809415246 299.36227556211816 4.1809023022506144 0.75329075755143904 4.8999707523907992 25.280313269147882 43.013487537522451 62.543281174192089 15.727609873123583 4.8429472893476477 0.70021309098228712 63.509239080289262 15.834411333067692 89.192273537264555 47.272789789902163 12.630344316363335
leaf_count=9726 160067 4363 14034 8129 20754 1440 13920 38886 1317936 262 6973 8111 74 4053 5107 18432 55421 5494 303 348 1310 421396 3803 130 2338 18459 12904 2788 1814 16570 765 356825 1703 204 3269 9480 1231 1248 84 55 39 304 12 1248 455 2
internal_value=-0.0172471 -0.0402342 -0.0452252 -0.0465158 -0.0476864 -0.0412895 0.00631933 -0.0510043 0.00576586 0.0321415 0.0579929 0.101667 0.0186777 0.0063137 0.00132064 0.00748901 0.00643545 0.0147468 0.0660751 0.0387073 0.0974051 0.00420367 0.147158 0.0532095 0.0479827 0.0414693 0.0170552 0.0744319 0.0882448 0.0569321 0.0791184 -0.00558104 0.070276 0.023386 0.0733172 0.0447849 0.0940422 0.000341996 0.0190898 0.0446687 0.0844997 0.0860739 0.0315723 -0.0078789 -0.00170618 0.04365
internal_weight=21222.7 10742.9 10202.8 10095.3 9996.59 3458.61 10479.8 6537.98 10272.6 207.188 59.9725 33.6598 147.215 9811.12 1888.74 7922.37 6942.5 979.875 98.753 63.2934 35.4596 1529.37 14.5858 540.042 470.258 395.704 162.028 74.5542 63.0629 233.676 69.7837 461.509 107.492 25.682 103.311 55.3975 47.9135 93.0092 30.4659 54.2062 65.3983 64.2095 19.074 435.827 136.465 13.3836
internal_count=2552269 171087 105250 85204 75114 22194 2381182 52920 2200493 180689 178966 18899 1723 1827839 1744439 83400 73853 9547 10090 8477 1613 1739332 11914 65837 64599 57659 31363 6940 4602 26296 1238 372654 20046 14126 18343 13843 4500 1594 346 129 473 343 6985 358528 1703 206
is_linear=0
shrinkage=0.010139


Tree=19
num_leaves=41
num_cat=0
split_feature=20 0 6 12 9 13 11 12 5 9 0 14 6 9 11 12 0 14 9 0 19 9 13 18 19 5 0 15 18 19 12 15 11 12 12 12 13 13 11 13
split_gain=105169 46309.3 14191.4 12487.5 1770.34 2267.21 1422.66 1351.18 608.709 533.581 617.207 549.138 974.397 525.947 1746.7 642.731 580.635 484.104 441.744 428.383 416.92 341.396 315.563 295.818 285.025 282.764 240.909 231.221 414.229 1368.6 928.224 315.383 202.046 175.276 178.371 91.9514 58.0965 50.1614 122.886 20.883
threshold=0.00090674068202446626 1.0000000180025095e-35 5.0648077709906092 3765704.9050000003 1.5000000000000002 60.617091821524696 1.0000000180025095e-35 11.985000000000001 0.99999999997863032 1424.5000000000002 1.5000000000000002 1347.0000000000002 10.61662900862968 448.00000000000006 1.0000000180025095e-35 2.5612825000000004 1.0000000180025095e-35 8166.5000000000009 1825.0000000000002 4.5000000000000009 5.5000000000000009 1319.5000000000002 0.00216076604837907 1.0000000180025095e-35 1.5000000000000002 0.99999998750889385 8.5000000000000018 4.5000000000000009 6.5000000000000009 11.500000000000002 806765.92500000005 10.500000000000002 4.5000000000000009 12269.225 84.245000000000019 4549.7900000000009 2617434.6425520061 79222293.327919602 1.5000000000000002 1410272.6880347969
decision_type=2 2 2 2 2 2 2 2 2 2 2 2 2 2 2 2 2 2 2 2 2 2 2 2 2 2 2 2 2 2 2 2 2 2 2 2 2 2 2 2
left_child=7 24 26 4 5 -4 -6 13 23 10 17 12 -11 14 -1 -15 36 -10 -13 21 -5 -17 -22 32 -2 -18 33 28 30 -30 -26 35 -9 34 -3 -29 -16 -25 -39 -34
right_child=1 2 3 20 6 -7 -8 8 9 11 -12 18 -14 15 16 19 25 -19 -20 -21 22 -23 -24 37 27 -27 -28 31 29 -31 -32 -33 39 -35 -36 -37 -38 38 -40 -41
leaf_value=-0.0049515442528183006 0 0 -0.043192477442683078 0 -0.034870448331303913 -0.016513242309089755 -0.052627029500235963 -0.0016798141814155984 0.0064737126440313417 0.03249198926555797 -0.010256482497477584 0.016625113336213949 -0.0088605965711116112 -0.0079729129791648902 0 -0.0010142738325956042 0 -0.010123041204030557 0.0061862630223233645 -0.0042225008509307492 0 0.051178886617630391 0.072189479805108162 -0.010242530652273898 0.066948504210140355 0.14165878849505248 0 0 -0.0074200976044222211 0.046419909560421704 -0.0032457855203694248 0 0 0 0.072744494940527787 0.080245250019400458 0.036553987970911375 -0.0090977325872339948 0.0096221318366008328 0.044438085198992429
leaf_weight=26.18381228929502 8.0774037019727967 2.777415290096541 5143.1650435329211 7.6394865410547927 633.17218434203096 376.20714507686353 4186.3917309244789 12.280537055266905 1323.7497985471418 205.11438541459211 368.91646813288389 452.54172353427566 72.403825588145992 52.912520660742302 3.2396330536867053 10.755767422160714 1.3420164824783594 198.11691895591503 7240.681285003564 18.976683858825709 5.1051304263819466 66.356949291279307 90.818654873801279 296.69747804455983 172.44667566381395 15.375387988184228 4.1809023022506144 1.1843230046797533 54.336007150122896 237.72419987941976 17.915597305182018 4.3754593410412772 0.75329075755143904 2.8702798743179292 103.97737069719005 68.707739160425263 16.234952125480049 88.509551333496347 47.649997629865538 13.068251147866249
leaf_count=160067 2011 3393 33321 2134 3691 1293 36809 13920 1021224 1469 720433 4288 985 1131 6973 170 6133 2782 76658 280 1162 142 6794 356825 18041 5781 1703 91 11659 28802 4106 763 204 6840 8110 364 12 1248 455 2
internal_value=-0.016727 -0.0384625 -0.0432596 -0.0445063 -0.0456345 -0.0414169 -0.0503724 0.00622602 0.00568092 0.00621761 0.00130398 0.00736826 0.0213996 0.0312827 0.0556012 0.0183003 0.0951024 0.00420852 0.00682886 0.0332759 0.0627259 0.0432568 0.0681178 -0.0055499 0.0504229 0.133222 0.0660198 0.0512914 0.0465061 0.036131 0.0599587 0.0740847 0.0229218 0.0687449 0.0707281 0.078857 0.030876 -0.0078537 -0.00168536 0.0424704
internal_weight=21652.9 11121.1 10556.3 10442.5 10338.9 5519.37 4819.56 10531.9 10320.5 9861.52 1890.78 7970.74 277.518 211.378 62.3758 149.002 36.192 1521.87 7693.22 96.0894 103.563 77.1127 95.9238 458.959 564.767 16.7174 113.806 556.69 482.422 292.06 190.362 74.2675 26.1021 109.625 106.755 69.8921 19.4746 432.857 136.16 13.8215
internal_count=2552269 171087 105250 85204 75114 34614 40500 2381182 2200493 1827839 1744439 83400 2454 180689 178966 1723 18899 1024006 80946 592 10090 312 7956 372654 65837 11914 20046 63826 62608 40461 22147 1218 14126 18343 11503 455 6985 358528 1703 206
is_linear=0
shrinkage=0.010139


Tree=20
num_leaves=43
num_cat=0
split_feature=17 0 6 12 15 12 12 5 9 9 12 0 15 9 11 12 0 13 0 14 15 10 12 9 18 12 19 13 9 12 13 13 9 13 13 10 12 11 5 13 13 11
split_gain=99038.7 43876.5 13408.3 11816.3 1675.48 2603.65 1292.24 593.027 516.795 610.505 540.749 654.148 552.643 484.822 1581.33 612.343 437.453 434.963 402.846 397.784 374.53 1349.6 455.758 318.628 290.034 259.984 259.869 246.008 1161.25 514.005 223.449 1062.71 890.431 484.347 272.535 370.171 291.187 194.38 185.037 56.0057 50.0871 120.898
threshold=1.0000000180025095e-35 1.0000000180025095e-35 5.0648077709906092 3765704.9050000003 1.5000000000000002 17514.760000000002 11.985000000000001 0.99999999997863032 1424.5000000000002 1050.5000000000002 117.90500000000002 3.5000000000000004 4.5000000000000009 448.00000000000006 1.0000000180025095e-35 2.5612825000000004 1.0000000180025095e-35 1.0000511597811321 4.5000000000000009 10.500000000000002 3.5000000000000004 709713238.67000008 20151311.905000005 1319.5000000000002 1.0000000180025095e-35 0.65745900000000013 1.5000000000000002 3251.3495198811238 1.5000000000000002 130.20000000000002 0.85624233328125954 1.0025619122437928 1.0000000180025095e-35 1.0143281745358539 0.48103810331571178 353249.60500000004 4743.5000000000009 4.5000000000000009 0.99999999998803402 2617434.6425520061 79222293.327919602 1.5000000000000002
decision_type=2 2 2 2 2 2 2 2 2 2 2 2 2 2 2 2 2 2 2 2 2 2 2 2 2 2 2 2 2 2 2 2 2 2 2 2 2 2 2 2 2 2
left_child=1 26 27 4 19 -6 13 24 9 17 11 -10 -12 14 -2 -15 39 -9 23 -4 21 -5 -22 -17 37 -18 -1 28 29 -3 34 32 -32 -33 36 -36 -28 -8 -29 -16 -26 -42
right_child=6 2 3 20 5 -7 7 8 10 -11 12 -13 -14 15 16 18 25 -19 -20 -21 22 -23 -24 -25 40 -27 30 38 -30 -31 31 33 -34 -35 35 -37 -38 -39 -40 -41 41 -43
leaf_value=0 -0.0049312698311463378 0 -0.052022996549086577 0.0073727922019866414 -0.034086479226000811 -0.046137641285031998 -0.001670715506189601 -0.0093031600279878737 -0.0075046676720716037 -0.010491124000683543 0.0065887755535366356 0.034204304933635077 0.044146271565098365 -0.0079490404894417416 0 -0.0010086955233398307 0.12903080679124945 0.0062568465189098369 -0.0042021417054078037 0 0.095228886153326101 0.10905380462310915 0 0.049039833324530019 -0.010230527680284604 0 0.070743112098972896 0 -0.0052952768705893348 0.075880598997365434 0.036530450550507139 0.10977185489496732 -0.0073877816100825153 0.049260162212389456 0.082884719249264743 0 0.021961195936381805 0.041343989323980687 0.10192216404655113 0.035701556952080486 -0.0090770136183881984 0.0094731643103102853
leaf_weight=8.0774037019746157 26.056095357314916 8.1048862580792029 2348.6598150653335 57.024709866731428 3273.8478906264463 5037.8803640439128 12.262783709375071 202.78740354994079 43.738856688141823 354.67122273358109 7795.2012210692483 145.2726291117724 34.282578657890554 52.557456005204585 3.2396330536867053 10.746731968945822 17.434309772914279 1335.5422581521416 18.911619194361265 11.379146113220484 36.293941572119365 11.844671634913537 4.6909702307311809 68.860118039214285 294.05595825509226 1.4696765627304547 20.835681306460174 1.6061981503298763 28.339121751851053 59.471198989689583 190.80624937626999 21.422348230931675 54.802429759191 146.69271375893732 79.272552218229976 4.6703121560858554 63.799654852395179 14.255759544685134 23.353136188583449 16.629419471530127 87.832535417954205 48.023503962933319
leaf_count=2011 160067 2423 20643 8129 18291 36170 13920 1317936 562 5107 81888 785 165 1131 6973 170 5572 421396 280 10 1071 348 542 142 356825 6342 838 1140 12129 4144 27827 1452 12094 13008 1673 473 6461 206 210 12 1248 455
internal_value=-0.0162356 -0.0368351 -0.0414558 -0.0426641 -0.0437579 -0.0414377 0.00613384 0.00559766 0.0061235 0.00128736 0.0072504 0.0241204 0.0068078 0.0303876 0.0533204 0.0178723 0.0891466 0.00410558 0.0321906 -0.0517311 0.0587751 0.0350994 0.0849834 0.0416155 -0.00551901 0.121264 0.0477806 0.0617649 0.045505 0.0665675 0.0485752 0.0418899 0.0264033 0.0618654 0.0619483 0.0781171 0.039806 0.0224704 0.0963624 0.0302067 -0.00782852 -0.00166474
internal_weight=22076.7 11492.9 10902.5 10781.6 10671.8 8311.73 10583.8 10367.9 9911.5 1893 8018.5 189.011 7829.48 215.905 64.8291 151.076 38.773 1538.33 98.5185 2360.04 109.854 68.8694 40.9849 79.6069 456.431 18.904 590.379 120.875 95.9152 67.5761 582.302 413.724 245.609 168.115 168.578 83.9429 84.6353 26.5185 24.9593 19.8691 429.912 135.856
internal_count=2552269 171087 105250 85204 75114 54461 2381182 2200493 1827839 1744439 83400 1347 82053 180689 178966 1723 18899 1739332 592 20653 10090 8477 1613 312 372654 11914 65837 20046 18696 6567 63826 54381 39921 14460 9445 2146 7299 14126 1350 6985 358528 1703
is_linear=0
shrinkage=0.010139


Tree=21
num_leaves=41
num_cat=0
split_feature=17 0 6 12 21 7 10 12 5 9 0 14 6 14 0 5 9 10 9 9 18 18 13 19 12 15 13 12 12 12 10 13 13 9 12 11 5 9 13 11
split_gain=93499.2 41700.5 12729.8 11251 1608.45 1604.82 1325 1236.13 577.907 500.663 601.544 516.331 914.581 472.572 458.131 522.388 1001.88 736.76 690.486 421.13 347.499 284.328 281.954 239.462 232.477 208.03 644.147 426.483 610.201 552.985 328.604 211.406 201.387 1051.66 457.71 187.034 161.714 157.962 50.01 118.952
threshold=1.0000000180025095e-35 1.0000000180025095e-35 5.0648077709906092 3765704.9050000003 1.0000000180025095e-35 7.9624853397363555 43454.805000000008 11.985000000000001 0.99999999997863032 1424.5000000000002 1.5000000000000002 1347.0000000000002 10.61662900862968 8166.5000000000009 6.5000000000000009 0.99999999655681615 2.5000000000000004 0.18857550000000003 10214.000000000002 1825.0000000000002 5.5000000000000009 1.0000000180025095e-35 1.0100272646071755 1.5000000000000002 9.1650000000000009 1.5000000000000002 290.37290437659175 38379947.150000006 16858.780000000002 105311329.79500002 1676.3100000000002 368.60636568232741 3251.3495198811238 1.5000000000000002 130.20000000000002 4.5000000000000009 0.99999999998803402 1357.0000000000002 79222293.327919602 1.5000000000000002
decision_type=2 2 2 2 2 2 2 2 2 2 2 2 2 2 2 2 2 2 2 2 2 2 2 2 2 2 2 2 2 2 2 2 2 2 2 2 2 2 2 2
left_child=1 23 32 4 6 -6 -4 14 21 10 13 12 -11 -10 15 16 17 -2 -17 -13 -5 35 -22 -1 -20 26 30 28 -27 -29 -25 -28 33 34 -3 -9 -34 -18 -23 -40
right_child=7 2 3 20 5 -7 -8 8 9 11 -12 19 -14 -15 -16 18 37 -19 24 -21 22 38 -24 25 -26 27 31 29 -30 -31 -32 -33 36 -35 -36 -37 -38 -39 39 -41
leaf_value=0 0 0 -0.040117319021988278 0 -0.043611194560327422 -0.021735110045181551 -0.048407407104555725 -0.0016616629264707581 0.0063251596767207995 0.031020733950154322 -0.010240380917678045 0.016087385112873297 -0.0088552283615838459 -0.010110697506119709 -0.0055939129010484836 -0.007680190887320029 0.031486880755206163 0.12594942639810258 0 0.0059855650545457507 0.064188356165202631 -0.010218556093031227 0 0.052006410729885079 0.046467977791361012 0.057684810165380442 0.081778304805121674 0.133481673736916 0.030937711708389229 0 0.002496300460732322 0 0 -0.005274483114491209 0.070850884961737692 0.040252294063994186 0.094514286630263844 -0.0015816530466960829 -0.0090563065169265173 0.0093274593421597343
leaf_weight=8.0774037019727967 4.9121928362146745 8.1048862580792029 5519.1155919922439 7.7957398600992738 662.85307661538536 835.90278995033259 3978.011984420722 12.245148591522593 1334.3262884666474 212.2646054677316 363.88795035489602 461.20170470366429 72.282805050359457 196.75924454862252 26.525385809276486 52.172605378102162 46.28629425134568 17.985266373172635 8.6281722933053953 7319.624429576972 101.24817524212995 291.43754972809984 5.6188236981979562 10.831483753019709 51.967987269163132 264.27247957345389 17.441046031162845 8.5861583663208858 216.29691827115312 3.349701302489847 82.141137236336363 2.8951160031574537 1.6061981503298763 28.192421018291498 63.552818590120296 14.693187310025678 25.498977054056013 11.931070149483274 87.161196274581016 48.393335842047236
leaf_count=2011 27981 2423 36124 2080 5678 3890 29422 13920 1021224 1469 720433 4288 985 2782 12804 131683 2898 4870 111 76658 6008 356825 2002 4128 37 16395 33 566 23116 793 18465 330 1140 12129 4144 206 210 305 1248 455
internal_value=-0.0157728 -0.0353498 -0.0398051 -0.0409751 -0.0420327 -0.0316446 -0.0436355 0.00604396 0.00551654 0.00603191 0.00127113 0.00713577 0.0205782 0.00410882 0.0295291 0.0348643 0.0543452 0.103907 0.0175194 0.00661207 0.0560132 -0.00548838 0.0605311 0.0455434 0.0391674 0.0462781 0.0279841 0.0498067 0.0465074 0.108629 0.0126906 0.0721645 0.0584416 0.0434091 0.0625338 0.0220255 0.0896445 0.0237617 -0.00780336 -0.00164432
internal_weight=22486.1 11851.4 11237.5 11110.5 10995.9 1498.76 9497.13 10634.7 10414.3 9960.35 1894.97 8065.37 284.547 1531.09 220.409 193.884 81.1148 22.8975 112.769 7780.83 114.663 453.93 106.867 613.891 60.5962 605.814 113.309 492.505 480.569 11.9359 92.9726 20.3362 126.955 99.8501 71.6577 26.9383 27.1052 58.2174 426.992 135.555
internal_count=2552269 171087 105250 85204 75114 9568 65546 2381182 2200493 1827839 1744439 83400 2454 1024006 180689 167885 36054 32851 131831 80946 10090 372654 8010 65837 148 63826 22956 40870 39511 1359 22593 363 20046 18696 6567 14126 1350 3203 358528 1703
is_linear=0
shrinkage=0.010139


Tree=22
num_leaves=38
num_cat=0
split_feature=20 0 6 12 15 12 12 5 13 13 15 0 10 0 5 9 9 10 19 14 15 19 12 10 6 10 7 15 12 0 18 9 12 12 7 12 12
split_gain=88456.5 39703.8 12107.7 10690.3 1547.24 1638.09 1183.46 1057.43 568.989 1131.09 499.801 1152.7 541.123 435.376 473.083 859.428 658.683 630.939 313.39 258.141 245.88 385.144 970.406 1010.06 726.478 757.09 552.206 261.415 219.561 187.088 183.213 151.118 138.252 129.516 81.1095 47.2429 15.5511
threshold=0.00090674068202446626 1.0000000180025095e-35 5.0648077709906092 3765704.9050000003 2.5000000000000004 8148.4350000000004 11.985000000000001 0.99999999999884737 1.0000511597811321 1.000244314819648 1.5000000000000002 4.5000000000000009 34668588689.380013 6.5000000000000009 0.99999999655681615 2.5000000000000004 10214.000000000002 0.18857550000000003 5.5000000000000009 1.5000000000000002 4.5000000000000009 12.500000000000002 11301.530000000001 29497531.370000001 9.5571451147874296 1700085.7050000001 9.2719090186004021 10.500000000000002 9.1650000000000009 8.5000000000000018 13.500000000000002 1357.0000000000002 12269.225 84.245000000000019 7.392367308933653 4549.7900000000009 225886.94000000003
decision_type=2 2 2 2 2 2 2 2 2 2 2 2 2 2 2 2 2 2 2 2 2 2 2 2 2 2 2 2 2 2 2 2 2 2 2 2 2
left_child=6 20 29 4 7 -6 13 -4 -8 30 12 -12 -11 14 15 17 -16 -1 -5 -20 21 22 26 -24 -23 -26 -2 34 -18 32 -10 -17 33 -3 -22 -36 -32
right_child=1 2 3 18 5 -7 8 -9 9 10 11 -13 -14 -15 16 31 28 -19 19 -21 27 24 23 -25 25 -27 -28 -29 -30 -31 36 -33 -34 -35 35 -37 -38
leaf_value=0 0.040897429447770133 0 -0.053468516775887598 0 -0.023022133742613745 -0.038822391772976451 -0.0094463982312814106 -0.041515038559529732 0 0.012033801836132577 0.00084097675425484283 0.0088837313101438765 0.0012168541373184332 -0.0055703996229582381 -0.0076583267323899456 0.030575689245015181 0 0.11505311778044709 0 0.060252325902091501 0 -0.0016065993865893651 0.0072214966877580345 0.074933951099304424 0.083395251033474685 -0.00022791314705607787 0.10863471086170513 0 0.0448211864780148 0 0.14115943648637741 -0.0015730658007084425 0 0.060623106650090394 0 0.069848530563168754 0
leaf_weight=4.9121928362164935 240.22891731490381 2.772728646057657 1067.6902727562483 7.8078540599381077 980.0179630662642 2928.9839151194428 246.18634720797127 6333.3398695470441 0.94779357429069822 2045.519970656329 4279.6522926101316 3239.1301094636583 648.95738429117773 26.39928236612468 51.814105321478564 47.398044191781082 8.6281722933053953 20.180709537089569 5.7396521048503919 107.24342311479268 1.3627502002636891 12.932433799898716 190.4753225317836 19.55784878731356 66.583415594679536 10.245975896235903 11.918381649680667 4.7213714350073124 53.595565542578697 4.4166250376874805 0.094457417028024793 11.915215009226811 3.0966827171650939 122.68074865432573 0.77395422069821407 78.252523124363506 0.070813243597513065
leaf_count=27981 23316 3393 14034 2134 3996 18198 1646472 38886 5531 183536 205817 151396 7283 12804 131683 2898 111 4870 1508 6448 130 2338 32109 1996 2788 1814 238 765 37 1703 63 305 6840 8110 39 304 395
internal_value=-0.0153355 -0.0339824 -0.0382848 -0.039419 -0.0404469 -0.0349381 0.00595533 -0.043305 0.00543649 0.00581166 0.00569951 0.00432459 0.0094764 0.0287138 0.033801 0.0519717 0.017165 0.0961439 0.0528068 0.0568939 0.0434991 0.0393645 0.034038 0.0163354 0.061054 0.0720098 0.0475057 0.0639084 0.0378952 0.0554334 0.12312 0.0231504 0.0575682 0.0591463 0.067896 0.0691301 0.139749
internal_weight=22886.2 12200.8 11563.8 11430.8 11310 3909 10685.4 7401.03 10460.6 10214.4 10213.3 7518.78 2694.48 224.843 198.444 84.4062 114.038 25.0929 120.791 112.983 637.053 551.942 462.18 210.033 89.7618 76.8294 252.147 85.1106 62.2237 132.967 1.11306 59.3133 128.55 125.453 80.3892 79.0265 0.165271
internal_count=2552269 171087 105250 85204 75114 22194 2381182 52920 2200493 554021 548032 357213 190819 180689 167885 36054 131831 32851 10090 7956 65837 64599 57659 34105 6940 4602 23554 1238 148 20046 5989 3203 18343 11503 473 343 458
is_linear=0
shrinkage=0.010139


Tree=23
num_leaves=40
num_cat=0
split_feature=17 0 6 12 9 13 11 12 5 13 13 15 0 5 13 5 9 15 10 15 18 19 12 10 13 13 9 13 13 9 13 13 9 12 11 18 5 13 11
split_gain=83847.4 37864.1 11513.1 10176.5 1481.9 1912.36 1258.35 1133.23 559.948 480.645 1124.14 526.469 414.159 428.628 759.594 672.924 629.195 296.499 1159.49 390.965 278.511 211.816 207.834 200.858 187.237 888.465 760.528 431.614 976.251 382.926 207.4 182.113 917.764 390.634 180.389 178.885 136.179 49.3448 116.637
threshold=1.0000000180025095e-35 1.0000000180025095e-35 5.0648077709906092 3765704.9050000003 1.5000000000000002 60.617091821524696 1.5000000000000002 11.985000000000001 0.99999999997863032 1.0000511597811321 1.000244314819648 1.5000000000000002 6.5000000000000009 0.99999999655681615 168104.7660020841 0.99999998750889385 10214.000000000002 3.5000000000000004 709713238.67000008 5.5000000000000009 1.0000000180025095e-35 1.5000000000000002 9.1650000000000009 209491.74000000002 1.0025619122437928 0.85624233328125954 1.0000000180025095e-35 1.0143281745358539 5.2661061706769816 1.5000000000000002 0.48103810331571178 3251.3495198811238 1.5000000000000002 130.20000000000002 4.5000000000000009 13.500000000000002 0.99999999998803402 79222293.327919602 1.5000000000000002
decision_type=2 2 2 2 2 2 2 2 2 2 2 2 2 2 2 2 2 2 2 2 2 2 2 2 2 2 2 2 2 2 2 2 2 2 2 2 2 2 2
left_child=1 21 31 4 5 -4 -6 12 20 -10 35 -12 13 14 15 -2 -15 18 -5 -19 34 -1 -18 -16 25 30 -27 29 -29 -26 -23 32 33 -3 -9 -11 -33 -22 -39
right_child=7 2 3 17 6 -7 -8 8 9 10 11 -13 -14 16 23 -17 22 19 -20 -21 37 24 -24 -25 27 26 -28 28 -30 -31 -32 36 -34 -35 -36 -37 -38 38 -40
leaf_value=0 0 0 -0.036881231793639925 0.0057714565387265229 -0.036015695395678761 -0.013676771747943276 -0.046983581225438595 -0.0016802301467482605 -0.0092888975302363279 0 0.0099882150479269956 0.0046215808738279216 -0.0055469406502934113 -0.0076364458885955456 0.032095509155775838 0.090862460318266378 0 0.080261155789794272 0.094071056659048483 0 -0.010213686246825063 0.035079896878661622 0.043290973918330748 -0.0050091000621085135 0.10673053659580631 0.031775061748305002 -0.0075142464769403635 -0.0054956079635491879 0.054125682995811122 0 0.066985710201879642 0 -0.005458303523720444 0.06301336805632772 0.039178524133894797 0.13947920182380999 0.08414088361980758 -0.009052854222912592 0.0090800685971001299
leaf_weight=8.306543402200985 8.0195755511522275 8.4582961444393714 5774.731394733044 63.343403069477063 1982.0823590650671 417.17138322681785 3441.6476104139438 12.275832635074039 199.28234437137144 0.92621875782788154 2627.0973070464242 7224.715859496253 26.274197490463848 51.458818295621313 18.521119262135471 38.104524824069813 8.6281722933053953 43.384146093507297 14.588891425926702 5.522281390731222 289.65288058167789 94.022447282957728 55.18173073977232 23.053945854364429 22.150410645059313 213.04017272178316 57.544056740385713 29.930114581162343 134.43632534504286 3.2168730587582095 96.834734657604713 1.665117411044778 29.526077586808242 70.990181735309307 15.139529942476656 0.17896067778929137 29.052082262613112 87.03961098214495 49.0309204103105
leaf_count=2011 29096 2423 33321 8129 12798 1293 27702 13920 1317936 5385 172569 331495 12804 131683 142 6188 111 303 348 1310 356825 7299 37 628 681 27827 12094 8429 4579 771 2146 1140 12129 4144 206 454 210 1248 455
internal_value=-0.0149214 -0.032718 -0.0368773 -0.0379801 -0.03898 -0.0353524 -0.0430487 0.00587003 0.0053596 0.00586213 0.00618556 0.00606933 0.0279321 0.0327881 0.0497576 0.0756835 0.016824 0.0499266 0.0302321 0.0713933 -0.00548391 0.0416466 0.0367046 0.0118229 0.042301 0.0366013 0.0230793 0.0537498 0.0429139 0.095257 0.05368 0.052373 0.0391023 0.0558739 0.0215321 0.123244 0.0800231 -0.007796 -0.00168436
internal_weight=23276.2 12541.6 11882.2 11742.5 11615.6 6191.9 5423.73 10734.6 10505.3 10052.2 9852.92 9851.81 229.242 202.968 87.6992 46.1241 115.269 126.839 77.9323 48.9064 453.139 659.482 63.8099 41.5751 651.175 461.441 270.584 189.734 164.366 25.3673 190.857 139.692 108.975 79.4485 27.4154 1.10518 30.7172 425.723 136.071
internal_count=2552269 171087 105250 85204 75114 34614 40500 2381182 2200493 1827839 509903 504064 180689 167885 36054 35284 131831 10090 8477 1613 372654 65837 148 770 63826 49366 39921 14460 13008 1452 9445 20046 18696 6567 14126 5839 1350 358528 1703
is_linear=0
shrinkage=0.010139


Tree=24
num_leaves=37
num_cat=0
split_feature=17 0 6 12 15 21 12 16 13 13 5 15 0 9 13 18 18 0 9 15 14 12 7 7 19 7 15 15 18 0 10 9 5 7 12 12
split_gain=79628.1 36151.5 10987.5 9735.46 1431.34 1509.39 1084.61 1003.49 546.159 1127.86 470.534 507.085 394.12 394.052 1136.33 284.439 269.489 243.66 230.469 211.161 357.23 750.637 1099.97 728.495 715.33 375.687 229.696 187.026 181.31 159.889 118.958 638.612 195.224 71.1096 41.2255 17.6878
threshold=1.0000000180025095e-35 1.0000000180025095e-35 5.0648077709906092 3765704.9050000003 2.5000000000000004 1.0000000180025095e-35 11.985000000000001 1.0000000180025095e-35 1.0000511597811321 1.000244314819648 0.99999999997863032 1.5000000000000002 6.5000000000000009 1.0000000180025095e-35 152.28613325396313 1.0000000180025095e-35 5.5000000000000009 4.5000000000000009 3.5000000000000004 4.5000000000000009 1.5000000000000002 2947.5600000000009 11.809868583205306 14.289832443691774 12.500000000000002 7.7330528983123346 10.500000000000002 1.5000000000000002 13.500000000000002 8.5000000000000018 370886.11000000004 1.5000000000000002 0.99999999998803402 7.392367308933653 4549.7900000000009 225886.94000000003
decision_type=2 2 2 2 2 2 2 2 2 2 2 2 2 2 2 2 2 2 2 2 2 2 2 2 2 2 2 2 2 2 2 2 2 2 2 2
left_child=1 19 29 4 7 -6 12 -4 -8 28 15 -12 13 -2 27 -11 -5 -16 -18 20 21 25 -23 24 -22 -1 33 -15 -10 30 31 -3 -32 -21 -35 -30
right_child=6 2 3 16 5 -7 8 -9 9 10 11 -13 -14 14 17 -17 18 -19 -20 26 23 22 -24 -25 -26 -27 -28 -29 35 -31 32 -33 -34 34 -36 -37
leaf_value=0.02222115649437921 -0.0040701736305359323 0.0509778528575957 -0.040610156805532524 0 -0.035181932196545924 -0.017713664899159525 -0.0094335532679948545 0 0 0.022907385211568057 0.0098075833437054824 0.0045574248399415556 -0.0055235357135798822 0 0.027775691083705169 -0.0075127781631794503 0.054410601185563179 -0.004496601076394045 0 0 0.037875391926516802 -0.0012090217811605959 0.051268225205256507 -0.0047853336446375726 0.081690648304280494 0.095627760851973276 0 0.097519731840382637 0.14054753500640788 0 0 -0.0045562596876022182 0.074404032393892733 0 0.063377823877685063 0
leaf_weight=27.515758023360831 21.594207522677607 67.585545984577038 7738.6941978084214 7.9720333016593932 3460.8646258631015 654.06010196897114 241.59528412148939 58.819021874289319 0.94757440120156278 25.912908537997282 2648.3822254545958 7252.1012530787557 26.150122563485638 1.7664524850260956 139.14969813566131 380.57574623076653 117.41106006971677 20.341270163989975 6.1156129203591254 1.4155699668044679 279.50083463235933 139.24395840837678 48.640804646624019 25.155242317880038 55.339232357495348 14.308954062871633 4.9045353448746019 24.63465883891331 0.12501125829294324 4.5279309265752081 3.0045743834780287 23.696107044117525 46.728058834356489 0.80095946264918794 85.464957335498184 0.081310197696438991
leaf_count=7655 146583 6083 45254 2080 19513 2681 1646472 7666 5531 1483 172569 331495 12804 6056 7248 42485 5520 1486 2490 130 30678 13626 3799 5279 2785 777 765 6512 63 1703 1900 9682 678 39 304 395
internal_value=-0.0145291 -0.0315494 -0.035578 -0.0366495 -0.0376201 -0.0324668 0.00578594 -0.0402932 0.00528398 0.00564524 0.00553416 0.00597832 0.0271718 0.0318103 0.0364962 -0.00495351 0.0478578 0.0230386 0.051394 0.0398839 0.0361624 0.0238408 0.0132939 0.0431091 0.0470276 0.0600196 0.058131 0.0918981 0.122487 0.0499082 0.0517449 0.0362822 0.0699564 0.0616581 0.062747 0.138943
internal_weight=23655.1 12871.8 12189.5 12043.9 11912.4 4114.92 10783.4 7797.51 10549.7 10308.1 10307 9900.48 233.636 207.486 185.892 406.489 131.499 159.491 123.527 682.291 589.705 229.709 187.885 359.995 334.84 41.8247 92.586 26.4011 1.1539 145.542 141.014 91.2817 49.7326 87.6815 86.2659 0.206321
internal_count=2552269 171087 105250 85204 75114 22194 2381182 52920 2200493 554021 548032 504064 180689 167885 21302 43968 10090 8734 8010 65837 64599 25857 17425 38742 33463 8432 1238 12568 5989 20046 18343 15765 2578 473 343 458
is_linear=0
shrinkage=0.010139


Tree=25
num_leaves=32
num_cat=0
split_feature=20 0 6 12 9 15 11 12 13 13 5 15 0 9 13 18 10 13 0 19 9 18 12 15 12 12 19 0 12 18 12
split_gain=75742 34573.2 10498.6 9296.71 1351.47 1788.99 1154.58 1035.54 535.181 1126.49 458.305 488.567 374.379 372.182 998.043 278.334 265.067 1340.09 232.907 188.774 183.454 180.463 166.69 163.591 152.95 753.561 626.64 147.472 112.988 103.184 17.6
threshold=0.00090674068202446626 1.0000000180025095e-35 5.0648077709906092 3765704.9050000003 1.5000000000000002 1.5000000000000002 1.5000000000000002 11.985000000000001 1.0000511597811321 1.000244314819648 0.99999999997863032 1.5000000000000002 6.5000000000000009 1.0000000180025095e-35 152.28613325396313 1.0000000180025095e-35 709713238.67000008 0.14737120193727324 4.5000000000000009 1.5000000000000002 1.5000000000000002 13.500000000000002 919.43500000000006 1.5000000000000002 38379947.150000006 806765.92500000005 11.500000000000002 8.5000000000000018 12269.225 12.500000000000002 225886.94000000003
decision_type=2 2 2 2 2 2 2 2 2 2 2 2 2 2 2 2 2 2 2 2 2 2 2 2 2 2 2 2 2 2 2
left_child=7 19 27 4 5 -4 -6 12 -9 21 15 -12 13 -1 23 -11 17 -5 -16 -2 -18 -10 -21 -15 25 -24 -26 28 29 -3 -23
right_child=1 2 3 16 6 -7 -8 8 9 10 11 -13 -14 14 18 -17 20 -19 -20 22 -22 30 24 -25 26 -27 -28 -29 -30 -31 -32
leaf_value=-0.0040517738966386191 0 0.051812357058627065 -0.043829923243756813 0.058952060707033689 -0.033575427032116793 -0.0301268750216671 -0.043806070866307507 -0.0094270332854567464 0 0.022421126365357747 0.0096317867435308496 0.0044944121899896071 -0.0055001854545189488 0 0.02699144422189341 -0.0074848795724701701 0.092736973940857184 -0.0069698647068704243 -0.0044754675345148234 0 0 0.14017286047240698 0.041103391135247289 0.090445003310259536 0 0.0039715828038685555 0.10223035121323464 0 0 0 0
leaf_weight=21.506522815776407 8.5132290142792026 140.67707538891409 1321.5180923907637 75.700082604103955 2080.3639840384694 5176.197724155114 3622.5840945003902 239.32780564023415 0.94757440120156278 26.365272307608393 2669.4050405004673 7279.1829308430024 26.027049430267652 1.7664524850260956 141.94226582359988 378.16123079574027 14.853055399260485 44.871334909592406 20.265582095802529 7.3640010436356524 1.951060895284171 0.14384188159601763 597.92395677113382 26.861504590298864 6.8851134247379386 70.514379913001903 13.023687017644988 4.5279309265752081 3.307507131365127 2.8749807415442765 0.081310197696438991
leaf_count=146583 2011 10888 8960 3585 12798 25654 27702 1646472 5531 1483 172569 331495 12804 6056 7248 42485 64 6147 1486 8816 294 63 42967 6512 1349 9686 1008 1703 6840 615 395
internal_value=-0.014156 -0.030462 -0.0343674 -0.0354096 -0.0363556 -0.0329762 -0.0401403 0.00570313 0.0052098 0.00556436 0.00545379 0.00588916 0.0263974 0.0308198 0.0352629 -0.00492169 0.0454571 0.0346506 0.0224418 0.0382939 0.0844369 0.122196 0.0388816 0.0855171 0.0394006 0.0374222 0.0739107 0.0476246 0.0493246 0.0506275 0.138576
internal_weight=24025.6 13193.7 12489.4 12338 12200.7 6497.72 5702.95 10832 10593.6 10354.3 10353.1 9948.59 238.369 212.342 190.836 404.527 137.376 120.571 162.208 704.224 16.8041 1.17273 695.711 28.628 688.347 668.438 19.9088 151.387 146.86 143.552 0.225152
internal_count=2552269 171087 105250 85204 75114 34614 40500 2381182 2200493 554021 548032 504064 180689 167885 21302 43968 10090 9732 8734 65837 358 5989 63826 12568 55010 52653 2357 20046 18343 11503 458
is_linear=0
shrinkage=0.010139


Tree=26
num_leaves=39
num_cat=0
split_feature=17 0 6 12 21 15 12 12 13 13 5 15 0 9 13 18 10 13 0 15 14 12 7 7 19 7 15 18 9 13 9 12 5 0 0 7 12 12
split_gain=72147 33074.2 10031.6 8908.34 1339.86 1357.23 1221.1 989.226 524.495 1124.63 446.448 470.867 356.048 352.055 880.382 272.422 235.421 1230.3 222.877 202.704 304.865 681.511 1006.44 636.71 587.516 320.18 207.275 179.5 164.793 146.837 753.219 334.138 145.848 118.403 117.157 64.0856 37.2101 17.5001
threshold=1.0000000180025095e-35 1.0000000180025095e-35 5.0648077709906092 3765704.9050000003 1.0000000180025095e-35 3.5000000000000004 28464.635000000002 11.985000000000001 1.0000511597811321 1.000244314819648 0.99999999997863032 1.5000000000000002 6.5000000000000009 1.0000000180025095e-35 152.28613325396313 1.0000000180025095e-35 709713238.67000008 0.14737120193727324 4.5000000000000009 4.5000000000000009 1.5000000000000002 2947.5600000000009 11.809868583205306 14.289832443691774 12.500000000000002 7.7330528983123346 10.500000000000002 13.500000000000002 1.5000000000000002 3251.3495198811238 1.5000000000000002 1716.2900000000002 0.99999999655681615 2.5000000000000004 6.5000000000000009 7.392367308933653 4549.7900000000009 225886.94000000003
decision_type=2 2 2 2 2 2 2 2 2 2 2 2 2 2 2 2 2 2 2 2 2 2 2 2 2 2 2 2 2 2 2 2 2 2 2 2 2 2
left_child=1 19 29 4 6 -6 -4 12 -9 27 15 -12 13 -2 32 -11 17 -5 -16 20 21 25 -23 24 -22 -1 35 -10 -18 30 31 -3 -15 -31 -35 -21 -37 -29
right_child=7 2 3 16 5 -7 -8 8 9 10 11 -13 -14 14 18 -17 28 -19 -20 26 23 22 -24 -25 -26 -27 -28 37 -30 33 -32 -33 -34 34 -36 36 -38 -39
leaf_value=0.020833008811739221 -0.004033420928653492 0.015472462706525794 -0.032757032207456467 0.055707616915281123 -0.031222387510008689 -0.0089085888312093447 -0.040033613590736108 -0.0094204605529194328 0 0.021951572574272129 0.0094606357537146604 0.0044325139680268348 -0.0054768896632969369 0.084293488477342693 0.026246921060515217 -0.0074569719694613573 0.087204917440322535 -0.0069490410545228658 -0.0044544070940154175 0 0.034741397035896286 -0.0015302541089189574 0.047201718112138934 -0.0048487707210274995 0.072882749801047642 0.086741235345422871 0 0.13974538522576804 0 0 -0.0056157217187816884 0.063519345729116411 0 0.0755781085966334 0 0 0.058429975624279581 0
leaf_weight=29.050807952675314 21.419587353811949 36.242078530694926 5225.0511436269881 79.708083302597515 1314.6972469502671 382.47596666901518 5558.8229333511317 237.08313890689169 0.94757440120156278 26.812828275651555 2690.1693741389172 7305.9648022870533 25.904970375602716 29.062200241198301 144.68513426365098 375.76794841351511 16.099866908625703 44.573266199542559 20.190467461346998 1.4685476731101506 298.98919468135864 144.44055850469158 52.544522178213811 25.533499756536912 61.902298485481879 16.293032988905907 5.0880711335630613 0.16544120688922703 1.951060895284171 1.8897516906290537 30.741324404370971 54.611100360649289 1.7845958300167684 32.5730196905497 1.7239971420349309 0.83268825453705986 91.831676538684405 0.081310197696438991
leaf_count=7655 146583 3544 29654 3585 8397 1171 35892 1646472 5531 1483 172569 331495 12804 6894 7248 42485 64 6147 1486 130 30678 13626 3799 5279 2785 777 765 63 294 285 12129 3023 5674 624 441 39 304 395
internal_value=-0.0138006 -0.0294452 -0.033239 -0.034255 -0.0351759 -0.0263136 -0.0365423 0.00562189 0.005137 0.00548504 0.00537498 0.00580179 0.0256585 0.0298803 0.0340999 -0.00489002 0.0435666 0.033346 0.0218721 0.0366889 0.0332558 0.02209 0.0122186 0.039453 0.0428958 0.0553046 0.0536665 0.121865 0.0797345 0.0453241 0.034119 0.0479979 0.0798901 0.068437 0.0720238 0.0568698 0.0578571 0.138158
internal_weight=24389.2 13509.1 12781.2 12623.4 12481 1697.17 10783.9 10880 10637 10399.9 10398.7 9996.13 243.047 217.142 195.722 402.581 142.332 124.281 164.876 727.975 628.754 242.329 196.985 386.425 360.891 45.3438 99.221 1.19433 18.0509 157.781 121.595 90.8532 30.8468 36.1868 34.297 94.1329 92.6644 0.246751
internal_count=2552269 171087 105250 85204 75114 9568 65546 2381182 2200493 554021 548032 504064 180689 167885 21302 43968 10090 9732 8734 65837 64599 25857 17425 38742 33463 8432 1238 5989 358 20046 18696 6567 12568 1350 1065 473 343 458
is_linear=0
shrinkage=0.010139


Tree=27
num_leaves=38
num_cat=0
split_feature=17 0 6 12 15 12 15 14 0 12 13 13 15 13 0 10 18 13 13 13 9 13 13 15 7 18 13 10 10 12 13 19 5 0 12 12 13
split_gain=68838.5 31709.7 9621.52 8546.21 1284.95 1378.56 954.971 937.767 654.225 643.019 501.919 1125.76 456.617 292.979 459.328 337.622 222.501 208.934 181.406 741.056 647.423 416.705 359.148 345.144 325.651 178.343 174.962 277.622 288.943 249.276 829.008 177.578 167.182 128.005 100.326 93.0873 87.1173
threshold=1.0000000180025095e-35 1.0000000180025095e-35 5.0648077709906092 3765704.9050000003 2.5000000000000004 16231.740000000002 4.5000000000000009 8.5000000000000018 5.5000000000000009 11.985000000000001 1.0000511597811321 1.000244314819648 1.5000000000000002 0.79059576801298159 4.5000000000000009 53.310000000000009 5.5000000000000009 0.00216076604837907 0.85624233328125954 1.0025619122437928 1.0000000180025095e-35 1.0041848522696442 5.2661061706769816 2.5000000000000004 7.7330528983123346 13.500000000000002 0.48103810331571178 3010.0250000000001 353249.60500000004 4743.5000000000009 0.035902672604808374 4.5000000000000009 0.99999999999941636 8.5000000000000018 12269.225 84.245000000000019 0.74942118824820103
decision_type=2 2 2 2 2 2 2 2 2 2 2 2 2 2 2 2 2 2 2 2 2 2 2 2 2 2 2 2 2 2 2 2 2 2 2 2 2
left_child=1 18 33 4 7 -6 9 -4 -8 13 -11 25 -13 36 15 -15 -5 -18 26 20 24 23 -23 -21 -20 -12 29 -28 -29 31 -31 -1 -10 34 35 -3 -2
right_child=6 2 3 16 5 -7 8 -9 32 10 11 12 -14 14 -16 -17 17 -19 19 21 -22 22 -24 -25 -26 -27 27 28 -30 30 -32 -33 -34 -35 -36 -37 -38
leaf_value=0.06284663498424975 0 0 -0.036819758309272151 0 -0.021644623202626424 -0.033852933324700858 -0.0032026498232571449 0.0001432753675233736 0.070816055064866823 -0.009411916701133359 0 0.0086719345951083368 0.0038234971696326082 -0.0048265786922695227 -0.0076907596850428967 0.030443212164519159 0 0.047517136874219858 -0.0045702655971925805 0 -0.0077788553738329137 0.0095039022145971298 0.045313568784404984 0.11121939558258752 0.030265671248481549 0.13768121510907114 0 0.063705642814332983 0 0.054059079883645368 -0.0074083052494649951 0 0 0 0 0.0472851110944498 0.079131600953318421
leaf_weight=23.705757287683813 1.251137597253545 3.053039405232993 8284.7555484130044 8.2942449245310836 1641.7159873133205 2760.4329650993277 15.738844291729036 65.625439832829215 34.87403182919661 234.22353248739091 0.94720410571608116 2796.707942909241 7604.3765094903938 25.656203473306959 48.308770296382136 157.10017105170118 6.982440201973076 131.96349584723066 23.762219593656482 2.7790704715298462 64.270366575496155 49.954231232666643 155.8179580179858 11.48964697815245 220.9564508816984 0.27150518911366817 6.2021246546646571 101.06969172332902 5.8100471303332588 28.253759721977985 51.349946910995641 3.9111298895149949 2.7747319249610873 4.5772313313209443 3.42941741827235 151.92801425507059 5.2943097737879725
leaf_count=264 4174 3393 52801 2080 6293 15901 5069 119 498 1641934 5529 190819 356200 147347 21258 7273 1170 6840 8798 302 12517 9834 4777 30 19852 458 427 1315 483 2998 3633 607 491 1703 6840 8110 132
internal_value=-0.0134633 -0.0285019 -0.0321886 -0.0331779 -0.0340755 -0.029367 0.00554217 -0.0365173 0.0458675 0.00530373 0.00491342 0.00525215 0.00514212 0.0216854 0.0176891 0.0249665 0.0418106 0.0447598 0.035319 0.0304426 0.0189947 0.0449293 0.0377274 0.0956578 0.0264482 0.121493 0.045211 0.056308 0.0599357 0.0297371 0.0160023 0.0546632 0.0657646 0.0435533 0.0450399 0.0462053 0.0711369
internal_weight=24739.6 13812.1 13062.8 12899.8 12752.5 4402.15 10927.5 8350.38 53.3876 10874.1 10636.5 10402.3 10401.1 237.611 231.065 182.756 147.24 138.946 749.332 529.03 308.989 220.041 205.772 14.2687 244.719 1.21871 220.302 113.082 106.88 107.221 79.6037 27.6169 37.6488 162.988 158.41 154.981 6.54545
internal_count=2552269 171087 105250 85204 75114 22194 2381182 52920 6058 2375124 2194940 553006 547019 180184 175878 154620 10090 8010 65837 56110 41167 14943 14611 332 28650 5987 9727 2225 1798 7502 6631 871 989 20046 18343 11503 4306
is_linear=0
shrinkage=0.010139


Tree=28
num_leaves=38
num_cat=0
split_feature=20 0 6 12 21 7 12 12 13 13 5 15 0 9 13 18 10 13 0 12 12 19 12 10 7 6 10 15 18 9 15 21 10 5 15 12 12
split_gain=65759.6 30434.7 9216.89 8192.26 1247.31 1300.1 1127.45 909.704 503.97 1117.31 432.658 438.707 324.095 317.801 746.177 266.086 216.164 1101.29 202.718 177.212 601.878 533.355 370.671 310.055 280.028 1279.79 341.381 183.779 176.657 146.399 135.432 533.28 647.824 286.304 127.485 19.7754 11.575
threshold=0.00090674068202446626 1.0000000180025095e-35 5.0648077709906092 3765704.9050000003 1.0000000180025095e-35 7.9624853397363555 93082.385000000024 11.985000000000001 1.0000511597811321 1.000244314819648 0.99999999997863032 1.5000000000000002 6.5000000000000009 1.0000000180025095e-35 152.28613325396313 1.0000000180025095e-35 709713238.67000008 0.14737120193727324 4.5000000000000009 38379947.150000006 806765.92500000005 11.500000000000002 105311329.79500002 222946588.12000003 11.47585299313719 9.7214751477417547 773148.58500000008 1.5000000000000002 13.500000000000002 1.5000000000000002 3.5000000000000004 1.0000000180025095e-35 16.665000000000003 0.99999999998803402 1.5000000000000002 225886.94000000003 130.20000000000002
decision_type=2 2 2 2 2 2 2 2 2 2 2 2 2 2 2 2 2 2 2 2 2 2 2 2 2 2 2 2 2 2 2 2 2 2 2 2 2
left_child=7 19 30 4 6 -6 -4 12 -9 28 15 -12 13 -1 34 -11 17 -5 -16 20 24 -21 27 -22 25 -2 -26 -23 -10 -18 31 32 -3 -33 -15 -30 -32
right_child=1 2 3 16 5 -7 -8 8 9 10 11 -13 -14 14 18 -17 29 -19 -20 21 23 22 -24 -25 26 -27 -28 -29 35 -31 36 33 -34 -35 -36 -37 -38
leaf_value=-0.0039937681530052898 0.036740607644811941 0.066627541516928956 -0.031817385371885026 0.050715435091911086 -0.034513226591518918 -0.016486572068091829 -0.039005886227348061 -0.009407177155096362 0 0.021402433818484154 0.0091423966703004979 0.0043165329645228779 -0.0054214415167669373 0 0.024740377529854141 -0.0074475486987971113 0.079586658876690641 -0.0070556931480965498 -0.00439712232694087 0 -0.0075420653442511932 0 0 0.034167499246342534 0.030830368564041009 -0.0079803780507439071 0.074928352452251282 0.11561432224331596 0.13871148580361822 0 0 0 -0.0074788402964533884 0.061278313865540911 0.076299829296063174 0 0.057644786519519285
leaf_weight=21.233502748753381 480.84232914861059 7.356800485184066 7368.1774515262814 86.666599086020142 786.54829599816185 981.38334105066679 3881.0872301554782 232.66918828299094 0.94757321760698576 27.350421126262518 2729.5777888242592 7356.5760910455429 25.618115203411435 1.8625486016244384 150.52405181486392 374.96225504014001 18.059927120921206 46.114038171624998 19.987721490266267 7.1917529227794157 57.38047266608919 1.2859304973098886 3.243440848586034 17.414308378472924 76.267805624462198 69.151692992119933 46.187306934036314 10.833372020919342 0.21819270099513233 2.0376533659291445 0.26232784426247135 6.7151055627327869 54.768078121123835 40.563757227544556 32.369494949307409 0.093306664290139452 59.491002050141105
leaf_count=146583 35815 2076 40351 3585 5678 3890 25195 1646472 5531 1483 172569 331495 12804 6056 7248 42485 64 6147 1486 1388 9869 167 615 41 6161 10939 616 226 63 294 21 2820 13533 1050 6512 395 546
internal_value=-0.013141 -0.0276148 -0.0311991 -0.0321648 -0.0330416 -0.0246743 -0.0343305 0.00546464 0.00499532 0.00533081 0.00522177 0.0056383 0.0243597 0.028233 0.0320732 -0.00488757 0.0399351 0.0306219 0.0207171 0.0340694 0.0323148 0.0664246 0.0906083 0.00315269 0.0353402 0.0309054 0.0515745 0.107336 0.120881 0.0729279 0.0416109 0.0290348 0.00602714 0.0524992 0.0724351 0.136917 0.057378
internal_weight=25083 14109 13339.2 13170.1 13017.2 1767.93 11249.3 10974 10722.4 10489.7 10488.5 10086.2 251.595 225.977 204.744 402.313 152.878 132.781 170.512 769.798 747.244 22.5545 15.3627 74.7948 672.449 549.994 122.455 12.1193 1.25907 20.0976 169.157 109.404 62.1249 47.2789 34.232 0.311499 59.7533
internal_count=2552269 171087 105250 85204 75114 9568 65546 2381182 2200493 554021 548032 504064 180689 167885 21302 43968 10090 9732 8734 65837 63441 2396 1008 9910 53531 46754 6777 393 5989 358 20046 19479 15609 3870 12568 458 567
is_linear=0
shrinkage=0.010139


Tree=29
num_leaves=39
num_cat=0
split_feature=17 0 6 12 9 15 11 15 12 0 13 13 7 13 0 10 15 18 15 18 15 14 12 7 7 19 13 15 5 13 9 12 0 0 14 7 12 0
split_gain=62901.7 29235 8864.75 7875.44 1237.31 1561.37 1034.83 883.399 593.308 587.162 482.484 1117.11 439.746 265.614 423.663 310.895 202.474 886.361 300.034 175.2 169.29 252.569 611.641 900.362 532.26 472.182 313.084 177.701 147.814 118.347 649.947 282.003 100.311 96.9236 80.4786 54.5417 31.8762 14.2963
threshold=1.0000000180025095e-35 1.0000000180025095e-35 5.0648077709906092 3765704.9050000003 1.5000000000000002 1.5000000000000002 1.0000000180025095e-35 4.5000000000000009 11.985000000000001 5.5000000000000009 1.0000511597811321 1.000244314819648 8.8930928504901328 0.79059576801298159 4.5000000000000009 53.310000000000009 3.5000000000000004 12.500000000000002 5.5000000000000009 13.500000000000002 4.5000000000000009 1.5000000000000002 2947.5600000000009 11.809868583205306 14.289832443691774 12.500000000000002 0.99999999999959011 10.500000000000002 0.99999999999941636 3251.3495198811238 1.5000000000000002 130.20000000000002 2.5000000000000004 6.5000000000000009 2.5000000000000004 7.392367308933653 4549.7900000000009 5.5000000000000009
decision_type=2 2 2 2 2 2 2 2 2 2 2 2 2 2 2 2 2 2 2 2 2 2 2 2 2 2 2 2 2 2 2 2 2 2 2 2 2 2
left_child=1 20 29 4 5 -4 -6 8 13 -9 -10 19 -13 34 15 -15 17 -5 -18 -12 21 22 26 -24 25 -23 -1 35 -11 30 31 -3 -31 -34 -2 -22 -37 -36
right_child=7 2 3 16 6 -7 -8 9 10 28 11 12 -14 14 -16 -17 18 -19 -20 -21 27 24 23 -25 -26 -27 -28 -29 -30 32 -32 -33 33 -35 37 36 -38 -39
leaf_value=0.059576609789367158 0 -1.5818133521927001e-05 -0.038669247896377559 -0.0069349521684597759 -0.024031778200784826 -0.026444682855359326 -0.037199905329356575 -0.0032052492512084974 -0.0093984690060888929 0.065753530526998977 0 0.0032342226630320708 0.0075094513842508927 -0.0048473310478819188 -0.0076569552327059179 0.028708391840514425 0.060996355112854561 0.050739965554545061 0 0.13630518358342686 0 0.031036850893942532 -0.0019557215990295392 0.042437426047244188 -0.004887425611413948 0.063526872094078271 0 0 0 0 -0.0057745545562900603 0.047795083118501322 0.065973344712331891 0 0 0 0.051829894729057045 0.07519498857984884
leaf_weight=42.086972352932207 1.3037455420708273 9.766495816074892 1445.0445917872403 45.002653762683622 808.49322511882019 5629.5964381048889 5390.8101097816743 15.743978055441401 229.85855712329794 37.595791296262178 0.94720410571608116 6201.8853407637362 4286.4008074511221 25.775693585179397 47.904565128614195 163.72712548884738 56.71127895405516 49.059070983726997 6.8911738983879323 0.34386268749949522 1.5343223532254331 325.4982319422852 151.84594855930482 57.839529577177018 25.765079204793437 70.527602874863078 7.8216516547836354 5.3443407935701535 2.7838038567861068 2.0180152209068174 32.032282122410834 90.807576052073273 37.438462350604823 1.8085150772094483 0.20716958471166425 0.87647778203245152 101.68673029646743 5.8720293165970361
leaf_count=7879 3858 2423 8960 6407 3691 25654 36809 5069 1641934 498 5529 331132 215887 147347 21258 7273 303 2070 1310 458 130 30678 13626 3799 5279 2785 553 765 491 285 12129 4144 624 441 327 39 304 121
internal_value=-0.0128336 -0.0267847 -0.0302748 -0.0312161 -0.032072 -0.0289938 -0.0355296 0.00538787 0.00515521 0.043336 0.00477748 0.00510416 0.00499513 0.0206683 0.0168573 0.0236215 0.0384301 0.023665 0.0540869 0.1204 0.0328564 0.0298362 0.0199516 0.0108585 0.0352341 0.0381363 0.0500389 0.047705 0.0612696 0.040185 0.0304595 0.0425369 0.0599507 0.063011 0.066482 0.0504838 0.0513336 0.0738836
internal_weight=25416.7 14396.3 13605.5 13431.6 13273.9 7074.64 6199.3 11020.3 10964.2 56.1236 10719.4 10489.6 10488.3 244.79 237.407 189.503 157.664 94.0617 63.6025 1.29107 790.827 681.385 259.594 209.685 421.791 396.026 49.9086 109.442 40.3796 173.871 132.606 100.574 41.265 39.247 7.38294 104.098 102.563 6.0792
internal_count=2552269 171087 105250 85204 75114 34614 40500 2381182 2375124 6058 2194940 553006 547019 180184 175878 154620 10090 8477 1613 5987 65837 64599 25857 17425 38742 33463 8432 1238 989 20046 18696 6567 1350 1065 4306 473 343 448
is_linear=0
shrinkage=0.010139


Tree=30
num_leaves=40
num_cat=0
split_feature=20 0 6 12 15 12 5 12 5 9 9 12 18 12 13 0 9 13 18 5 10 13 12 12 19 12 10 7 6 10 11 15 9 12 0 5 19 13 11
split_gain=60234.9 28104.3 8520.78 7575.54 1189.72 1257.21 867.791 838.312 486.394 438.764 586.919 481.642 598.743 524.341 363.996 296.167 288.234 637.674 251.596 193.834 191.532 974.802 169.285 539.483 468.534 316.898 292.418 233.323 1158.69 302.115 165.78 154.703 126.976 109.875 107.321 87.7238 77.7979 50.6013 116.348
threshold=0.00090674068202446626 1.0000000180025095e-35 5.0648077709906092 3765704.9050000003 2.5000000000000004 6635.2350000000015 0.99999999999884737 11.985000000000001 0.99999999997863032 1424.5000000000002 1050.5000000000002 117.90500000000002 4.5000000000000009 2953988.1000000006 1.0000511597811321 6.5000000000000009 1.0000000180025095e-35 152.28613325396313 1.0000000180025095e-35 0.99999999986062715 709713238.67000008 0.14737120193727324 38379947.150000006 806765.92500000005 11.500000000000002 105311329.79500002 222946588.12000003 11.47585299313719 9.7214751477417547 773148.58500000008 4.5000000000000009 1.5000000000000002 1.5000000000000002 0.65745900000000013 8.5000000000000018 0.99999999993919142 3.5000000000000004 79222293.327919602 1.5000000000000002
decision_type=2 2 2 2 2 2 2 2 2 2 2 2 2 2 2 2 2 2 2 2 2 2 2 2 2 2 2 2 2 2 2 2 2 2 2 2 2 2 2
left_child=7 22 34 4 6 -6 -4 15 18 10 14 12 -11 -13 -10 16 -1 33 30 -19 21 -5 23 27 -24 31 -25 28 -2 -29 -9 -26 -22 -18 35 -3 -37 -20 -39
right_child=1 2 3 20 5 -7 -8 8 9 11 -12 13 -14 -15 -16 -17 17 19 37 -21 32 -23 24 26 25 -27 -28 29 -30 -31 -32 -33 -34 -35 -36 36 -38 38 -40
leaf_value=-0.0039534733767366201 0.034109665631510494 0 -0.04170627449882551 0.046330572786177235 -0.016250598584227918 -0.029566564524602056 -0.031981271580284298 -0.0020769278073501985 -0.0092330879457720866 0.036385319229262775 -0.010527394822160198 0.0051445753335561629 0.00050672695802969712 0.014968691045160989 0.0054558063826301278 -0.0053662125257218224 0.069460141072118523 0.0087065743355098976 -0.010175945715596565 0.032714059736595684 0.072745739934508516 -0.0070887106633882304 0 -0.0075890978944553808 0 0 0.032292210871712773 0.028448222515964523 -0.0080088353952684817 0.068362417753112831 0.03582117733494429 0.10461583085590181 0 0 0 0 0.041881897986980852 -0.0089861634249325164 0.0092781937781807409
leaf_weight=21.046870897043846 508.74603270317311 3.6696044154559777 1282.427223636385 93.716474126180401 997.24099960600688 3673.8656867091358 7570.2870499176915 13.022065189288698 186.6080244344339 113.72603065520525 362.79764646371768 7601.6450031858258 88.967636924819089 612.79957946474315 1396.18571061494 25.33637347300828 35.704630327789346 106.5430237903347 280.14897715054394 69.379031638367451 20.113919644150887 46.526279373065336 7.244401449570435 58.400681570434244 1.2946395401086199 3.2638386330800122 18.378911721461918 81.297515808691969 70.00418518683 50.474531166924862 16.644978009644547 12.564272353920387 2.0654430709837461 1.8928292634664092 4.6826702132821074 3.1169539428665294 167.69277565386437 84.913481470954139 48.518531634137616
leaf_count=146583 35815 6746 14034 3585 3347 18847 38886 13920 1317936 526 5107 75822 821 6231 421396 12804 5109 6013 356825 2721 64 6147 1388 9869 167 615 41 6161 10939 616 206 226 294 7459 1703 1001 10596 1248 455
internal_value=-0.0125395 -0.0260023 -0.0294034 -0.0303224 -0.0311584 -0.0267756 -0.0334352 0.00531309 0.0048587 0.00530918 0.000904782 0.00631358 0.021692 0.00590259 0.00362555 0.0231682 0.0267371 0.0302499 -0.00536341 0.0196666 0.0370086 0.0284606 0.0317126 0.0300778 0.0619888 0.0832949 0.00276686 0.0328294 0.0288061 0.0472946 0.0193837 0.0976315 0.0669475 0.0661139 0.0386776 0.0399389 0.0409701 -0.00768888 -0.00148988
internal_weight=25743 14677.1 13865.4 13686.2 13523.8 4671.11 8852.71 11065.9 10806 10362.7 1945.59 8417.14 202.694 8214.44 1582.79 259.903 234.566 213.52 443.248 175.922 162.422 140.243 811.669 787.302 24.3672 17.1228 76.7796 710.522 578.75 131.772 29.667 13.8589 22.1794 37.5975 179.162 174.479 170.81 413.581 133.432
internal_count=2552269 171087 105250 85204 75114 22194 52920 2381182 2200493 1827839 1744439 83400 1347 82053 1739332 180689 167885 21302 372654 8734 10090 9732 65837 63441 2396 1008 9910 53531 46754 6777 14126 393 358 12568 20046 18343 11597 358528 1703
is_linear=0
shrinkage=0.010139


Tree=31
num_leaves=39
num_cat=0
split_feature=20 0 6 12 9 13 11 15 12 0 10 10 15 13 0 10 18 13 10 13 13 9 13 13 7 9 13 10 10 12 13 19 5 15 18 18 14 0
split_gain=57738.9 27043.1 8188.77 7295.47 1154.52 1528.72 984.025 819.031 550.918 530.043 466.155 1044.62 418.589 241.069 396.451 289.854 240.404 187.084 262.955 159.9 598.738 564.662 379.209 685.152 299.432 265.692 157.322 239.69 235.236 218.365 696.271 154.719 131.765 112.397 417.55 495.652 73.1456 13.105
threshold=0.00090674068202446626 1.0000000180025095e-35 5.0648077709906092 3765704.9050000003 1.5000000000000002 60.617091821524696 1.5000000000000002 4.5000000000000009 11.985000000000001 5.5000000000000009 220533.08500000005 232869.26000000001 1.5000000000000002 0.79059576801298159 4.5000000000000009 53.310000000000009 13.500000000000002 0.00216076604837907 118564.97000000002 0.85624233328125954 1.0025619122437928 1.0000000180025095e-35 1.0143281745358539 5.2661061706769816 7.7330528983123346 1.5000000000000002 0.48103810331571178 3010.0250000000001 353249.60500000004 4743.5000000000009 0.035902672604808374 4.5000000000000009 0.99999999999941636 3.5000000000000004 10.500000000000002 11.500000000000002 2.5000000000000004 5.5000000000000009
decision_type=2 2 2 2 2 2 2 2 2 2 2 2 2 2 2 2 2 2 2 2 2 2 2 2 2 2 2 2 2 2 2 2 2 2 2 2 2 2
left_child=7 19 33 4 5 -4 -6 8 13 -9 -10 16 -13 36 15 -15 -12 -5 -19 26 21 24 25 -24 -21 -22 29 -28 -29 31 -31 -2 -11 34 -3 -36 -1 -38
right_child=1 2 3 17 6 -7 -8 9 10 32 11 12 -14 14 -16 -17 -18 18 -20 20 22 -23 23 -25 -26 -27 27 28 -30 30 -32 -33 -34 -35 35 -37 37 -39
leaf_value=0 0.054938450753223608 -0.0050986595153900381 -0.028629048218997068 0 -0.027912690563172349 -0.0096092053630340846 -0.036736154074171842 -0.0032072112415293588 -0.0093975833934054603 0.061313912148451055 0 0.0081924271441862276 0.0035961745821689968 -0.004869934644514534 -0.0076457230769918921 0.027282493909273158 0.13530525078476691 0.062180873157055151 0.026108988950807266 -0.0050632884998343128 0.078743385262169424 -0.0079058466207980842 -0.0061955211035077656 0.038722942080580955 0.02658348826224656 0 0 0.055237489040180603 0 0.045937299268545992 -0.0075686433672803397 0 0 0.050849749455213679 0.075647011204183365 0.018006807411378577 0 0.070282379216722146
leaf_weight=1.3310805634246188 27.314308574801547 26.718374059084454 6842.9106865845861 9.0485649930633354 2343.4365218804296 491.4799521375553 4088.70807556614 15.746168400990426 226.25305637612473 40.275703488034196 1.3824649358575687 2861.3240641409357 7711.4766961114365 25.907229490272584 47.768704605667153 169.50460559065687 0.39730457094265137 39.912323471624404 118.10927514494688 26.665844019997166 31.349393567477819 67.879290756813134 36.22288177239534 176.21314615022857 243.43220397012192 3.8444538902986087 6.7977920005796468 114.55073483363958 6.0368989247945128 33.304761069957749 54.189824644709006 4.296064812806434 2.7934100695420048 66.487858985710773 19.260353748133639 72.537763334315969 0.21399179220315989 6.6715591114480048
leaf_count=3858 264 8870 33321 1491 12798 1293 27702 5069 1588329 498 8864 226034 370832 147347 21258 7273 881 606 7993 8798 698 12517 8674 4777 19852 794 427 1315 483 2998 3633 607 491 567 783 9826 327 121
internal_value=-0.0122581 -0.0252643 -0.0285809 -0.0294799 -0.0302971 -0.0273793 -0.0335731 0.00523884 0.00501178 0.0410353 0.00464557 0.00496195 0.00485447 0.0197711 0.0161252 0.0225004 0.113474 0.0356971 0.0382127 0.0306454 0.0263977 0.0164996 0.0386375 0.0306546 0.0230438 0.0707141 0.0392721 0.0489751 0.0521383 0.0258309 0.0137376 0.0477358 0.0572993 0.0371269 0.0260819 0.0358757 0.0623313 0.0690773
internal_weight=26061.8 14950.7 14118.6 13933.6 13766.5 7334.39 6432.14 11111 11052.2 58.8153 10800.8 10574.6 10572.8 251.397 243.181 195.412 1.77977 167.07 158.022 832.098 585.607 337.977 247.63 212.436 270.098 35.1938 246.49 127.385 120.588 119.105 87.4946 31.6104 43.0691 185.004 118.516 91.7981 8.21663 6.88555
internal_count=2552269 171087 105250 85204 75114 34614 40500 2381182 2375124 6058 2194940 606611 596866 180184 175878 154620 9745 10090 8599 65837 56110 41167 14943 13451 28650 1492 9727 2225 1798 7502 6631 871 989 20046 19479 10609 4306 448
is_linear=0
shrinkage=0.010139


Tree=32
num_leaves=42
num_cat=0
split_feature=20 0 6 12 15 12 14 12 5 9 12 0 9 11 9 12 0 0 9 13 18 5 13 12 12 19 10 12 7 6 18 11 15 13 9 12 15 0 0 13 11
split_gain=55410.5 26046.1 7894.36 7029.86 1139.97 1179.17 827.006 776.831 471.38 425.363 893.095 824.069 582.129 596.06 520.773 429.432 272.364 264.973 263.38 546.823 246.448 181.648 178.444 160.858 474.559 418.029 277.224 276.782 207.371 1053.41 278.337 159.787 134.88 107.826 568.786 246.875 96.4811 86.8015 82.2561 50.0407 114.331
threshold=0.00090674068202446626 1.0000000180025095e-35 5.0648077709906092 3765704.9050000003 2.5000000000000004 16231.740000000002 8.5000000000000018 11.985000000000001 0.99999999997863032 4795.5000000000009 1620229.905 1.5000000000000002 2891.5000000000005 1.0000000180025095e-35 1424.5000000000002 117.90500000000002 6.5000000000000009 1.5000000000000002 1.0000000180025095e-35 152.28613325396313 1.0000000180025095e-35 0.99999999986062715 0.00216076604837907 38379947.150000006 806765.92500000005 11.500000000000002 222946588.12000003 105311329.79500002 11.47585299313719 9.7214751477417547 4.5000000000000009 4.5000000000000009 1.5000000000000002 3251.3495198811238 1.5000000000000002 1716.2900000000002 1.5000000000000002 2.5000000000000004 6.5000000000000009 79222293.327919602 1.5000000000000002
decision_type=2 2 2 2 2 2 2 2 2 2 2 2 2 2 2 2 2 2 2 2 2 2 2 2 2 2 2 2 2 2 2 2 2 2 2 2 2 2 2 2 2
left_child=7 23 33 4 6 -6 -4 16 20 12 15 -12 14 -14 -10 -11 18 -5 -1 36 31 -21 -19 24 28 -25 -26 32 29 -2 -30 -9 -27 34 35 -3 -20 -35 -39 -22 -41
right_child=1 2 3 17 5 -7 -8 8 9 10 11 -13 13 -15 -16 -17 -18 22 19 21 39 -23 -24 25 26 27 -28 -29 30 -31 -32 -33 -34 37 -36 -37 -38 38 -40 40 -42
leaf_value=-0.0039131026046657774 0.03172722979704784 0.012158907889974358 -0.031942723005585531 -0.001789522469717921 -0.01847337648697004 -0.029221270665466266 0.0012276409366919405 -0.0020812340343616688 0.00085470505411057928 0.02171295652948909 -0.0088568664986835681 0.027489096632579452 0.009868474800445743 -0.0092133445913570224 0.0083840880404967844 0.0052939456429115118 -0.0053110318216846491 0 0 0.008243735317017829 -0.010168782870324163 0.031167180085109082 0.040368498341300955 0 -0.0075954824630991378 0 0.03079248463025238 0 0 -0.0080379840448237226 0.047566213263536689 0.034879052373589528 0.095790026442512236 0 -0.0059376366079192562 0.04983838971315932 0.06365490788940649 0.058770315513070881 0 -0.0089798605430367485 0.0090712478946657071
leaf_weight=20.862306596956842 536.74652111736941 42.273428695494658 9090.7474924163107 13.160594154833232 1799.8552989215032 3039.7471156364018 71.482961671357771 13.026025043960546 1952.4180492988962 167.39046380115906 69.554437680941192 352.30480951356003 212.69236522210122 671.08734352354077 1887.1657974343543 5133.1193501803209 25.058655070490204 7.8407749166217391 1.9348320763820073 108.93812449915276 278.0873706691491 71.839676941730431 150.86453849702957 7.3325213858624947 58.572805321542546 1.3217852947127546 19.196632870996837 3.2998603947926304 9.4680741452903003 70.855520722223446 130.7474386918766 17.099769222608302 14.206425712560304 2.1206392949970896 33.460165566735668 68.078827787423506 38.994325299951015 41.905403018798097 1.8738944243959839 84.712354961200617 49.053631224043784
leaf_count=146583 35815 3544 52801 1173 6293 15901 119 13920 1744439 1089 864 2703 2045 7866 18068 50765 12804 1367 6056 6013 356825 2721 7550 1388 9869 167 41 615 1709 10939 5068 206 226 285 12129 3023 6512 624 441 1248 455
internal_value=-0.0119887 -0.0245698 -0.0278062 -0.0286847 -0.0294843 -0.0252794 -0.0316721 0.00516685 0.00472626 0.00516586 0.00703645 0.021212 0.00287082 -0.00446393 0.00459068 0.00586113 0.0221124 0.0344219 0.0254224 0.0286603 -0.00535236 0.01876 0.0379775 0.0296579 0.0281269 0.058062 0.00255567 0.0771306 0.0306014 0.026885 0.0438596 0.0189628 0.0896857 0.0359251 0.0272728 0.0379381 0.060702 0.0535665 0.0562356 -0.00767599 -0.00151707
internal_weight=26370.5 15215.2 14363.4 14173.7 14001.8 4839.6 9162.23 11155.3 10887.7 10445.7 5722.37 421.859 4723.36 883.78 3839.58 5300.51 267.628 171.866 242.569 221.707 441.979 180.778 158.705 851.748 825.587 26.1606 77.7694 18.8281 747.818 607.602 140.216 30.1258 15.5282 189.712 143.812 110.352 40.9292 45.8999 43.7793 411.853 133.766
internal_count=2552269 171087 105250 85204 75114 22194 52920 2381182 2200493 1827839 55421 3567 1772418 9911 1762507 51854 180689 10090 167885 21302 372654 8734 8917 65837 63441 2396 9910 1008 53531 46754 6777 14126 393 20046 18696 6567 12568 1350 1065 358528 1703
is_linear=0
shrinkage=0.010139


Tree=33
num_leaves=38
num_cat=0
split_feature=20 0 6 12 12 7 15 15 12 0 7 6 12 9 12 6 17 0 0 9 9 18 15 18 19 5 12 9 15 5 10 10 14 5 0 7 12
split_gain=53219.6 25096.4 7613.49 6771.05 1111.25 2041.01 760.739 612.772 512.476 480.915 458.684 1734.19 1134.14 861.171 797.629 878.196 769.113 247.837 218.465 211.65 373.332 170.28 152.302 229.542 776.658 695.607 423.297 271.05 152.71 118.126 94.2839 608.236 284.354 208.779 135.136 46.7612 27.5008
threshold=0.00090674068202446626 1.0000000180025095e-35 5.0648077709906092 3765704.9050000003 137815.07500000004 7.8807155272115983 4.5000000000000009 12.500000000000002 11.985000000000001 5.5000000000000009 8.8930928504901328 9.4324325703857941 9624.0750000000025 39485.500000000007 2953988.1000000006 8.4728619213886294 3.5000000000000004 1.5000000000000002 6.5000000000000009 1.0000000180025095e-35 1.5000000000000002 5.5000000000000009 4.5000000000000009 6.5000000000000009 11.500000000000002 0.99999999999956102 806765.92500000005 2.5000000000000004 10.500000000000002 0.99999999999941636 108299.73500000002 126.825 1.5000000000000002 0.99999999998803402 6.5000000000000009 7.392367308933653 4549.7900000000009
decision_type=2 2 2 2 2 2 2 2 2 2 2 2 2 2 2 2 2 2 2 2 2 2 2 2 2 2 2 2 2 2 2 2 2 2 2 2 2
left_child=6 22 30 4 5 -4 8 -6 18 -8 14 12 -12 -13 15 -10 -16 -5 19 -1 -21 -19 23 26 -25 -26 27 -2 35 -11 31 32 -3 -32 -35 -24 -37
right_child=1 2 3 17 7 -7 9 -9 10 29 11 13 -14 -15 16 -17 -18 21 -20 20 -22 -23 28 24 25 -27 -28 -29 -30 -31 33 -33 -34 34 -36 36 -38
leaf_value=-0.0038790819476430915 0.03904992952083549 0.049949515013110055 -0.032485477199374217 -0.0017798474930084563 -0.034650957059236286 -0.023027277913787218 -0.0032081711370121656 -0.017926867072908075 0.0032099157158268486 0.057378475771267611 -0.0095645833772154114 0.003381608419071223 0.024507054596895415 0.053822561582713126 0.034126212345511504 -0.010815265229344234 -0.0081936573985639631 0 -0.0052873073557713236 0.058992432765676242 0.01782918847077955 0.038737733695349059 0 -0.0081892576816349968 -0.0072104393371867767 0.031442626509665589 -0.004204036872832515 -0.0014132220353330761 0 0 0 -0.0064619355393801753 -7.6172762702439415e-05 0.050519981652521494 0 0 0.045426269388320825
leaf_weight=20.708615289389854 271.39967523021733 49.300172224486232 4102.1260136801438 13.13847571100632 3677.4386630421823 6156.5017056029947 15.747208801592931 294.43760938202377 5728.2258460080775 42.91881913880934 107.33854263974354 3586.4929884955345 741.47238388306869 28.064363240278908 146.00514300209761 489.10663234363892 53.658000938667101 8.018782668586935 24.938485871563898 25.532708475642721 186.60230103365029 155.94640778246685 1.6436044957663387 74.027042774556321 48.343942140854779 322.56715957882989 21.88256887049647 12.49622122866276 5.7353638770873649 2.8000139924115492 7.0209131201554547 38.752957590899314 9.7038909112598031 85.594299110074644 4.0113805896107797 0.94516064366325636 113.11976946590585
leaf_count=146173 16920 2760 25856 1173 23033 24649 5069 1576 1178131 498 39339 776662 80985 176 8945 91280 19422 1830 12779 10026 11206 7087 130 11894 9030 19772 4341 2642 765 491 3665 10297 1955 887 482 39 304
internal_value=-0.01173 -0.0239107 -0.0270721 -0.0279311 -0.0287147 -0.0268399 0.00509531 -0.0334723 0.00487371 0.0389311 0.00451851 0.00702787 0.0200351 0.0039107 0.00275131 0.00207879 0.0223802 0.0331058 0.0189391 0.0220368 0.0250716 0.0364455 0.028686 0.0260387 0.0201275 0.0260954 0.0336364 0.0369321 0.0418236 0.0537622 0.0347775 0.0221722 0.0411159 0.0440672 0.0479958 0.0442512 0.0449914
internal_weight=26673.8 15474.2 14602 14407.6 14230.5 10258.6 11199.6 3971.88 11138.1 61.466 10880.4 4463.37 848.811 3614.56 6417 6217.33 199.663 177.104 257.782 232.844 212.135 163.965 872.161 750.717 444.938 370.911 305.778 283.896 121.444 45.7188 194.384 97.757 59.0041 96.6266 89.6057 115.709 114.065
internal_count=2552269 171087 105250 85204 75114 50505 2381182 24609 2375124 6058 2194940 897162 120324 776838 1297778 1269411 28367 10090 180184 167405 21232 8917 65837 64599 40696 28802 23903 19562 1238 989 20046 15012 4715 5034 1369 473 343
is_linear=0
shrinkage=0.010139


Tree=34
num_leaves=33
num_cat=0
split_feature=20 0 6 12 15 11 15 12 10 10 0 15 14 18 0 0 9 9 13 12 12 19 10 12 7 6 10 11 5 0 12 18
split_gain=51157.8 24188.2 7341.46 6526.57 1106.27 1837.63 722.85 493.541 449.938 1039.62 449.579 402.211 262.07 237.801 232.387 210.401 203.19 340.859 161.257 155.789 420.972 368.63 262.201 248.046 181.199 968.649 266.665 128.636 109.648 87.9672 74.4996 68.0336
threshold=0.00090674068202446626 1.0000000180025095e-35 5.0648077709906092 3765704.9050000003 1.5000000000000002 1.5000000000000002 4.5000000000000009 11.985000000000001 220533.08500000005 232869.26000000001 5.5000000000000009 1.5000000000000002 10.500000000000002 13.500000000000002 1.5000000000000002 6.5000000000000009 1.0000000180025095e-35 1.5000000000000002 0.00216076604837907 38379947.150000006 806765.92500000005 11.500000000000002 222946588.12000003 105311329.79500002 11.47585299313719 9.7214751477417547 773148.58500000008 1.5000000000000002 0.99999999999941636 8.5000000000000018 12269.225 12.500000000000002
decision_type=2 2 2 2 2 2 2 2 2 2 2 2 2 2 2 2 2 2 2 2 2 2 2 2 2 2 2 2 2 2 2 2
left_child=6 19 29 4 12 -6 7 15 -9 13 -8 -11 -4 -10 -5 16 -1 -18 -16 20 24 -21 -22 27 25 -2 -26 -23 -12 30 31 -3
right_child=1 2 3 14 5 -7 10 8 9 11 28 -13 -14 -15 18 -17 17 -19 -20 21 22 23 -24 -25 26 -27 -28 -29 -30 -31 -32 -33
leaf_value=-0.0038611914600253394 0.029592434890093191 0.036385318842887863 -0.033658983535424368 -0.0017702204429377148 -0.020905170426438413 -0.029608466449982475 -0.0031918242668021986 -0.0093919116909871782 0 0.0079049255888750461 0.054880835325228 0.0034288428786300117 0.0021186233958885468 0.1342118553023614 0 -0.0052645254617012509 0.056321767469501051 0.017448568616658562 0.037202551577607858 0 -0.0076103703587764478 0.088613286328372856 0.029284343369063808 0 0.024420931492057769 -0.0080793881974881923 0.058958967590662444 0 0 0 0 0
leaf_weight=20.628464396693744 564.54269934087642 187.06088855171402 3200.1723076370272 13.116511618820367 4192.0834647387474 7046.6629318365121 15.705645753710995 224.57378902769415 1.3876147157279763 2901.169154962583 44.745622228714637 7792.1378583866026 14.992769386473809 0.45658462861319993 8.0988076831999916 24.825191626820015 26.817821995573468 188.88983023200126 161.04592345815036 7.2950016586983137 58.891773509152699 15.752055804565321 20.057819804234896 3.4019077545090104 91.245214453199878 72.190431176248239 57.901398479880299 1.4529581941897038 2.8000139924115492 4.8295025494735446 3.9324091837333972 3.413270249409833
leaf_count=146173 35815 10888 20643 1173 16472 37989 5069 1588329 8864 226034 498 370832 10 881 1367 12779 10026 11206 7550 1388 9869 239 41 615 6161 10939 616 154 491 1703 6840 615
internal_value=-0.0114811 -0.0232844 -0.0263744 -0.0272148 -0.0279829 -0.026387 0.00502476 0.00480665 0.00445698 0.00476351 0.0375943 0.00465731 -0.0334564 0.112615 0.0318787 0.0185242 0.021521 0.024448 0.0350238 0.0277465 0.0263058 0.0546225 0.00230834 0.0714949 0.0285453 0.0251209 0.0406349 0.0827793 0.0515119 0.033634 0.0346859 0.0355769
internal_weight=26972.3 15728.1 14835.4 14636.2 14453.9 11238.7 11244.1 11180.9 10919.7 10695.2 63.2513 10693.3 3215.17 1.8442 182.261 261.161 236.336 215.708 169.145 892.731 864.829 27.9019 78.9496 20.6069 785.88 636.733 149.147 17.205 47.5456 199.236 194.407 190.474
internal_count=2552269 171087 105250 85204 75114 54461 2381182 2375124 2194940 606611 6058 596866 20653 9745 10090 180184 167405 21232 8917 65837 63441 2396 9910 1008 53531 46754 6777 393 989 20046 18343 11503
is_linear=0
shrinkage=0.010139


Tree=35
num_leaves=41
num_cat=0
split_feature=17 0 6 12 15 13 11 12 5 9 12 0 9 11 9 12 0 18 9 10 0 5 19 11 15 12 12 14 19 12 15 15 18 18 15 13 11 7 12 13
split_gain=49215.9 23343.2 7078.16 6295.55 1101.58 1133.21 797.598 692.726 454.21 406.742 834.378 772.851 564.548 582.533 495.777 408.485 241.61 240.979 231.366 411.438 218.394 171.866 154.57 153.925 143.725 212.685 634.488 425.267 336.466 225.308 140.911 91.9212 360.8 412.198 83.4866 49.2884 112.176 43.2598 25.4488 12.6347
threshold=1.0000000180025095e-35 1.0000000180025095e-35 5.0648077709906092 3765704.9050000003 2.5000000000000004 36.573163503770346 1.5000000000000002 11.985000000000001 0.99999999997863032 4795.5000000000009 1620229.905 1.5000000000000002 2891.5000000000005 1.0000000180025095e-35 1424.5000000000002 117.90500000000002 6.5000000000000009 1.0000000180025095e-35 1.0000000180025095e-35 61.955000000000005 1.5000000000000002 0.99999999986062715 5.5000000000000009 4.5000000000000009 4.5000000000000009 38379947.150000006 806765.92500000005 1.5000000000000002 11.500000000000002 105311329.79500002 10.500000000000002 3.5000000000000004 10.500000000000002 11.500000000000002 1.5000000000000002 79222293.327919602 1.5000000000000002 7.392367308933653 4549.7900000000009 0.0038129439237686931
decision_type=2 2 2 2 2 2 2 2 2 2 2 2 2 2 2 2 2 2 2 2 2 2 2 2 2 2 2 2 2 2 2 2 2 2 2 2 2 2 2 2
left_child=1 24 31 4 6 -6 -4 16 17 12 15 -12 14 -14 -10 -11 18 23 -2 34 -5 -21 -22 -9 25 26 27 -1 -27 -30 37 32 -3 -34 -20 -19 -37 -26 -39 -33
right_child=7 2 3 20 5 -7 -8 8 9 10 11 -13 13 -15 -16 -17 -18 35 19 21 22 -23 -24 -25 30 28 -28 -29 29 -31 -32 39 33 -35 -36 36 -38 38 -40 -41
leaf_value=0.0142306626026066 -0.0038595590471760572 -0.0053183895949873708 -0.026880366941718511 -0.0017606413599081899 -0.024999310164794699 -0.0094226384031150297 -0.033325721268644456 -0.0021038718744616214 0.00076625733446220295 0.020923125262839095 -0.0088598815053541596 0.026193540361009689 0.0095480862535790717 -0.0092118954487798669 0.0080733987718246553 0.0050869936818244491 -0.00524280666203681 -0.010165667110723709 0 0.0075972126131378182 0 0.029439399657633338 0.035798634710410504 0.033900056542237669 0 0 -0.0075470765478737904 0.031962287429195116 0.078334997814894863 0 0 0 0.065350409921882485 0.015746989705904619 0.055400890933008345 -0.0089804224114433048 0.008823939147705866 0 0.042653661670424468 0.04450021395860173
leaf_weight=273.23801924526742 20.621182559902081 28.141662594725858 5912.9264491261101 13.094700576155445 4507.4129266092732 575.14442297708956 3675.6674150212029 13.067660532033189 1965.5241330437639 171.42313969531097 69.609248824359383 364.24884501098131 215.88219597887655 670.73821514380688 1915.3779161727434 5193.0812906058854 24.719414899780531 276.86719487455412 2.1323837167728916 112.47216947343259 8.278065921229425 74.771016039201641 165.97196674408042 17.588266059392481 1.6887714319163922 7.1828847700671785 57.468042576729204 424.94073589499749 18.416767268150583 3.3920117883535559 5.8741622716624979 0.45247355231549491 22.819642342292354 78.957457638010965 44.617333372458233 84.726457479322562 49.705437840180821 0.9716797984438007 118.76155318014207 74.294014241269906
leaf_count=22983 146583 8870 29322 1173 20754 1440 23598 13920 1744439 1089 864 2703 2045 7866 18068 50765 12804 356825 5995 5446 1884 3205 7033 206 130 1370 9747 29494 392 613 765 176 783 9826 6656 1248 455 39 304 391
internal_value=-0.0112416 -0.0226896 -0.0257107 -0.0265343 -0.0272876 -0.0232728 -0.0293855 0.00495639 0.00453586 0.00496278 0.00677789 0.0202865 0.00272698 -0.00448986 0.00440709 0.00564005 0.0206299 -0.00535956 0.023604 0.0264863 0.0307311 0.0176281 0.0337 0.0184887 0.0269059 0.0244188 0.0227027 0.0253887 0.0526226 0.0680614 0.0392955 0.0324429 0.0229198 0.0314818 0.052821 -0.00767445 -0.00156913 0.0415566 0.0422476 0.0441991
internal_weight=27262.3 15975.1 15063.2 14858.5 14671.2 5082.56 9588.59 11287.2 11007.8 10565.9 5798.36 433.858 4767.52 886.62 3880.9 5364.5 279.334 441.955 254.614 233.993 187.345 187.243 174.25 30.6559 911.935 784.638 755.647 698.179 28.9917 21.8088 127.296 204.665 129.919 101.777 46.7497 411.299 134.432 121.422 119.733 74.7465
internal_count=2552269 171087 105250 85204 75114 22194 52920 2381182 2200493 1827839 55421 3567 1772418 9911 1762507 51854 180689 372654 167885 21302 10090 8651 8917 14126 65837 64599 62224 52477 2375 1005 1238 20046 19479 10609 12651 358528 1703 473 343 567
is_linear=0
shrinkage=0.010139


Tree=36
num_leaves=42
num_cat=0
split_feature=17 0 6 12 9 13 11 15 12 7 6 12 9 12 6 17 0 0 0 9 9 9 13 13 9 13 10 15 13 13 10 12 13 11 19 5 13 9 12 13 0
split_gain=47396 22542.8 6843.32 6078.12 1069.55 1368.59 889.14 674.651 458.984 440.47 1646.45 1074.85 802.61 749.656 858.179 717.943 411.949 205.686 195.761 187.964 287.333 148.506 142.174 500.225 482.259 329.505 282.736 253.003 239.856 141.849 202.047 200.079 580.519 198.984 131.555 99.5396 90.1578 485.476 213.623 75.1638 57.8074
threshold=1.0000000180025095e-35 1.0000000180025095e-35 5.0648077709906092 3765704.9050000003 1.5000000000000002 60.617091821524696 1.0000000180025095e-35 4.5000000000000009 11.985000000000001 8.8930928504901328 9.4324325703857941 9624.0750000000025 39485.500000000007 2953988.1000000006 8.4728619213886294 3.5000000000000004 5.5000000000000009 1.5000000000000002 6.5000000000000009 1.0000000180025095e-35 1.5000000000000002 3.5000000000000004 0.85624233328125954 1.0025619122437928 1.0000000180025095e-35 1.0041848522696442 59090000.555000007 2.5000000000000004 5.2661061706769816 0.48103810331571178 3010.0250000000001 4743.5000000000009 0.035902672604808374 2.5000000000000004 4.5000000000000009 0.99999999999941636 3251.3495198811238 1.5000000000000002 130.20000000000002 22684.007648713352 2.5000000000000004
decision_type=2 2 2 2 2 2 2 2 2 2 2 2 2 2 2 2 2 2 2 2 2 2 2 2 2 2 2 2 2 2 2 2 2 2 2 2 2 2 2 2 2
left_child=1 22 36 4 5 -4 -6 8 18 13 11 -11 -12 14 -10 -15 -9 -5 19 -2 -21 -19 29 24 26 27 -24 -25 -27 31 -31 34 -33 -32 -1 -18 37 38 -3 40 -38
right_child=7 2 3 17 6 -7 -8 16 9 10 12 -13 -14 15 -16 -17 35 21 -20 20 -22 -23 23 25 -26 28 -28 -29 -30 30 33 32 -34 -35 -36 -37 39 -39 -40 -41 -42
leaf_value=0.047854916205432724 -0.0038254861463967805 -0.00079849527425654204 -0.025086341804625097 -0.001751109877883313 -0.019652237250490874 -0.0078228539977937776 -0.031109664161919001 -0.0031919318840332271 0.0030622056379141006 -0.0095647822660938787 0.0032229499827631939 0.023539855102072484 0.050825033326485927 0.032358586767366485 -0.010812828312353044 -0.0082116129534153502 0.051715018904081582 0.034492068393069023 -0.0052191270898916797 0.051709139153968783 0.016737035340247251 0 0.016377754857366093 0 -0.0080521341234920593 0.0065108370199429043 0.066601462775681533 0.082597800364159563 0.032992739838706681 0 0.047403737015690797 0.038479646515088825 -0.0077691665255555263 0 0 0 0 -0.0060936607390480362 0.037311107100833164 0 0.05085042491519632
leaf_weight=31.279718186529863 20.469859438133426 11.127548319625928 7408.8678333467269 13.073041183321036 903.38025975779874 531.65160070668571 6035.5807010988328 15.704356174494022 5781.691623545179 107.24782938450517 3622.4476499950397 761.49578500568168 29.735029341623886 152.00484062252508 487.96208638550888 53.862752333690878 47.247024374228204 170.80979274174024 24.601316490094177 29.279683466113056 193.23189430456841 8.4674611370282928 295.11392471956788 3.4860110604495302 72.462203261369723 59.812258366233436 7.3874596845707847 17.235613582161022 198.11283140722662 7.4065059688291504 130.20865200780099 39.324161285563605 58.042125656487769 6.6373611610615617 4.6052763363113618 2.8062592369678887 1.6575996287865553 34.895438247403945 111.10026609047782 2.3336194623843758 47.914241331047378
leaf_count=264 146173 2423 33321 1173 3691 1293 36809 5069 1178131 39339 776662 80985 176 8945 91280 19422 498 6027 12779 10026 11206 2890 28145 302 12517 9834 505 30 4777 427 1217 2998 3633 581 607 491 170 12129 4144 504 676
internal_value=-0.0110129 -0.0221291 -0.0250856 -0.0258923 -0.0266316 -0.0239516 -0.0296552 0.00488867 0.00467568 0.00433655 0.00677779 0.0192915 0.00374048 0.00261082 0.00195474 0.0213548 0.0358164 0.0296562 0.0177518 0.0205661 0.0232997 0.0324651 0.0260982 0.0224217 0.0138563 0.032936 0.019497 0.0710896 0.027586 0.0335929 0.0420389 0.0219954 0.0113514 0.0447432 0.0416461 0.0486402 0.0315084 0.0239927 0.0332169 0.0467061 0.0490543
internal_weight=27541.8 16212 15280.9 15071.8 14879.5 7940.52 6938.96 11329.8 11264 10996.4 4520.93 868.744 3652.18 6475.52 6269.65 205.868 65.7576 192.35 267.583 242.981 222.512 179.277 931.114 653.61 374.964 278.647 302.501 20.7216 257.925 277.504 144.253 133.251 97.3663 136.846 35.885 50.0533 209.029 157.123 122.228 51.9055 49.5718
internal_count=2552269 171087 105250 85204 75114 34614 40500 2381182 2375124 2194940 897162 120324 776838 1297778 1269411 28367 6058 10090 180184 167405 21232 8917 65837 56110 41167 14943 28650 332 14611 9727 2225 7502 6631 1798 871 989 20046 18696 6567 1350 846
is_linear=0
shrinkage=0.010139


Tree=37
num_leaves=38
num_cat=0
split_feature=20 0 6 12 15 12 16 12 13 13 5 15 18 0 9 10 10 13 18 5 15 18 19 5 12 12 15 0 10 10 14 5 0 0 7 12 11
split_gain=45678.1 21799.1 6613.3 5871.85 1066.48 1074.98 756.224 643.407 445.629 1103.65 379.21 390.117 243.268 223.954 213.242 342.382 194.898 772.979 171.125 163.912 133.272 199.672 682.342 613.383 346.113 242.66 129.427 108.15 84.7986 524.433 242.57 176.906 113.408 76.9467 39.4896 23.3162 22.8789
threshold=0.00090674068202446626 1.0000000180025095e-35 5.0648077709906092 3765704.9050000003 2.5000000000000004 16231.740000000002 1.0000000180025095e-35 11.985000000000001 1.0000511597811321 1.000244314819648 0.99999999997863032 1.5000000000000002 1.0000000180025095e-35 6.5000000000000009 1.0000000180025095e-35 61.955000000000005 709713238.67000008 0.14737120193727324 13.500000000000002 0.99999999986062715 4.5000000000000009 6.5000000000000009 11.500000000000002 0.99999999999956102 806765.92500000005 623390.48500000022 10.500000000000002 5.5000000000000009 108299.73500000002 126.825 1.5000000000000002 0.99999999998803402 6.5000000000000009 1.0000000180025095e-35 7.392367308933653 4549.7900000000009 1.0000000180025095e-35
decision_type=2 2 2 2 2 2 2 2 2 2 2 2 2 2 2 2 2 2 2 2 2 2 2 2 2 2 2 2 2 2 2 2 2 2 2 2 2
left_child=7 20 28 4 6 -6 -4 13 -9 18 12 -12 -11 14 -1 33 17 -5 -10 -17 21 24 -23 -24 25 -2 34 -18 29 30 -3 -30 -33 -16 -22 -36 -20
right_child=1 2 3 16 5 -7 -8 8 9 10 11 -13 -14 -15 15 19 27 -19 36 -21 26 22 23 -25 -26 -27 -28 -29 31 -31 -32 32 -34 -35 35 -37 -38
leaf_value=-0.0038240701194249102 0.028009424152313358 0.043598646223040514 -0.028286682231211037 0.036115101165961838 -0.015902989074287322 -0.025735693593778676 0.0026716210189305823 -0.0093804501225668302 0 0.019460736756944159 0.0082135184685578552 0.0037559599564961446 -0.0074096632477341782 -0.0051975868209676495 0 0.0072375083505991419 0 -0.0075623038689950038 0.13599268855672875 0.028329269850056071 0 -0.0082846612651063436 -0.0073763308890184408 0.027811884189239661 -0.0041913916657664897 0.065821608501815496 0 0.059499042388907353 0 -0.0066339945525661732 -0.00048101477790358452 0.04430917185628775 0 0.050892781431960007 0 0.040174332239685015 0
leaf_weight=20.463613891002751 290.036569014017 55.645871435972367 9777.2465188152783 114.96608737608767 1948.4548345570165 3282.2540879070675 74.55709390537595 224.2466494077089 0.95547312028065678 29.325148924632231 2850.4867072256893 7609.015115851842 371.36415118171135 24.497659287764691 2.2743623635760732 114.53165268122393 2.4964147015998632 54.641629840785754 0.36045762029243633 76.735628239970538 1.701443757949163 77.11973193087033 51.103460635873489 352.69740524074587 21.818916304924642 22.605976641469169 5.9473333292116868 25.173639395361533 7.3825040222582166 40.744921468169196 10.349939323277793 95.338104257069062 4.1903807133930959 48.279230811429443 0.98313175607472558 124.22280054562725 0.1122664801805513
leaf_count=146583 19103 2760 45254 3585 6293 15901 7666 1646472 5531 1483 172569 331495 42485 12804 5201 5446 193 6147 149 3205 130 11894 9030 19772 4341 459 765 165 3665 10297 1955 887 482 7450 39 304 309
internal_value=-0.0107923 -0.0215959 -0.0244892 -0.0252799 -0.0260057 -0.02212 -0.0280403 0.00482183 0.00441397 0.00471426 0.00460911 0.00498536 -0.0048775 0.0197359 0.0225177 0.0251989 0.0286475 0.0217474 0.118379 0.0169499 0.0253954 0.023054 0.017778 0.0230606 0.029794 0.0325231 0.0370648 0.0545125 0.0305532 0.0194463 0.0359632 0.038776 0.0421591 0.0484981 0.039162 0.0397988 0.133917
internal_weight=27814.3 16441.7 15493.4 15279.8 15082.5 5230.71 9851.8 11372.6 11085.9 10861.6 10860.2 10459.5 400.689 286.782 262.284 241.821 197.278 169.608 1.4282 191.267 948.237 815.382 480.921 403.801 334.461 312.643 132.855 27.6701 213.652 106.741 65.9958 106.911 99.5285 50.5536 126.907 125.206 0.472724
internal_count=2552269 171087 105250 85204 75114 22194 52920 2381182 2200493 554021 548032 504064 43968 180689 167885 21302 10090 9732 5989 8651 65837 64599 40696 28802 23903 19562 1238 358 20046 15012 4715 5034 1369 12651 473 343 458
is_linear=0
shrinkage=0.010139


Tree=38
num_leaves=35
num_cat=0
split_feature=17 0 6 12 12 7 15 15 12 10 10 0 15 18 0 0 9 9 13 12 12 19 10 12 15 12 14 15 5 13 9 12 13 0
split_gain=44053 21074.8 6394.52 5683.09 1035.65 1812.22 632.489 556.741 427.488 427.756 1029.23 380.119 374.49 231.642 187.377 182.576 174.389 244.14 141.486 129.853 343.206 294.393 235.401 199.111 154.911 472.026 263.207 112.317 91.2047 76.1711 442.022 196.162 68.1354 52.8924
threshold=1.0000000180025095e-35 1.0000000180025095e-35 5.0648077709906092 3765704.9050000003 137815.07500000004 7.8807155272115983 4.5000000000000009 12.500000000000002 11.985000000000001 220533.08500000005 232869.26000000001 5.5000000000000009 1.5000000000000002 13.500000000000002 1.5000000000000002 6.5000000000000009 1.0000000180025095e-35 1.5000000000000002 0.00216076604837907 38379947.150000006 806765.92500000005 11.500000000000002 222946588.12000003 105311329.79500002 2.5000000000000004 137815.07500000004 3.5000000000000004 1.5000000000000002 0.99999999999941636 3251.3495198811238 1.5000000000000002 130.20000000000002 22684.007648713352 2.5000000000000004
decision_type=2 2 2 2 2 2 2 2 2 2 2 2 2 2 2 2 2 2 2 2 2 2 2 2 2 2 2 2 2 2 2 2 2 2
left_child=1 19 29 4 5 -4 8 -6 15 -10 13 -8 -12 -11 -5 16 -2 -18 -16 20 24 -21 -22 27 25 -1 -26 -23 -13 30 31 -3 33 -31
right_child=6 2 3 14 7 -7 11 -9 9 10 12 28 -14 -15 18 -17 17 -19 -20 21 22 23 -24 -25 26 -27 -28 -29 -30 32 -32 -33 -34 -35
leaf_value=0.023424101003294919 -0.0037899826599357136 -0.00091607272613558588 -0.02878831934088618 -0.0018054698098271579 -0.030909742578913903 -0.020208726362585673 -0.0031913224197579015 -0.015610677228093686 -0.0093809942287739582 0 0.0075095248965152519 0.048970772061235075 0.0032273963120205843 0.13219816476354357 0 -0.0051739559471074255 0.047758049133539995 0.016072483797847249 0.032343479808278452 0 -0.0076308825599293298 0 0.026612321444042422 0 0.031858877156447231 -0.0072419995433882318 -0.0030615245961476433 0.075801203958488009 0 0 -0.0060892268980534655 0.034939261950213504 0 0.047336091578979528
leaf_weight=367.39468640542873 20.313918422849383 11.348182471232574 4421.5468661677305 13.193483289869617 3938.7666073678402 6603.8480610646866 15.701156496477777 315.338008470967 221.35402192222682 1.3874841146025563 2957.5708606519765 49.601776756506297 7891.0616056009021 0.56813079160929181 8.9204347563208994 24.381036984646926 31.677103706490016 197.43153412078391 179.32746855352889 7.4323035991692477 59.317043979361188 1.6828608535579466 21.683257376251277 3.5895298407995133 419.35321976413252 50.809110730770044 16.587196562410099 19.127240141155198 2.8141764439496901 1.7092025804304274 34.82394862548972 116.81366511894157 2.3815229048195752 51.035532097594114
leaf_count=36022 146173 2423 25856 1173 23033 24649 5069 1576 1588329 8864 226034 498 370832 881 1367 12779 10026 11206 7550 1388 9869 167 41 615 8847 7463 1199 226 491 170 12129 4144 504 676
internal_value=-0.0105798 -0.021087 -0.0239216 -0.0246969 -0.025409 -0.0236756 0.00475719 -0.0298286 0.00454902 0.00422003 0.00451301 0.034237 0.00440843 0.111157 0.0278175 0.0170312 0.0196813 0.0222423 0.0303987 0.0246612 0.0233892 0.047962 0.0018613 0.061549 0.02528 0.0194001 0.0302737 0.0706723 0.0461379 0.0296576 0.0226787 0.0311445 0.043535 0.0456804
internal_weight=28079.9 16666 15699.1 15480.9 15279.5 11025.4 11413.9 4254.1 11345.7 11071.9 10850.6 68.1171 10848.6 1.95561 201.441 273.804 249.423 229.109 188.248 966.976 935.145 31.8319 81.0003 24.3996 854.144 418.204 435.94 20.8101 52.416 218.112 162.986 128.162 55.1263 52.7447
internal_count=2552269 171087 105250 85204 75114 50505 2381182 24609 2375124 2194940 606611 6058 596866 9745 10090 180184 167405 21232 8917 65837 63441 2396 9910 1008 53531 43485 10046 393 989 20046 18696 6567 1350 846
is_linear=0
shrinkage=0.010139


Tree=39
num_leaves=40
num_cat=0
split_feature=17 0 6 12 15 13 11 15 12 7 6 12 9 12 6 17 0 10 13 0 9 9 15 14 12 7 7 19 7 15 11 5 10 10 14 5 0 7 12
split_gain=42509.2 20383.7 6186.37 5496.38 1030.81 1031.47 751.011 603.808 412.358 422.371 1563.21 1020.34 756.687 718.335 839.753 678.305 358.806 179.532 717.377 176.361 168.03 224.865 126.295 186.214 486.204 712.323 342.592 323.12 272.63 121.384 99.8082 85.6969 73.5969 483.521 222.35 160.153 102.642 37.0323 21.906
threshold=1.0000000180025095e-35 1.0000000180025095e-35 5.0648077709906092 3765704.9050000003 2.5000000000000004 22.83263578856057 1.5000000000000002 4.5000000000000009 11.985000000000001 8.8930928504901328 9.4324325703857941 9624.0750000000025 39485.500000000007 2953988.1000000006 8.4728619213886294 3.5000000000000004 5.5000000000000009 709713238.67000008 0.14737120193727324 6.5000000000000009 1.0000000180025095e-35 1.5000000000000002 4.5000000000000009 1.5000000000000002 2947.5600000000009 11.809868583205306 14.289832443691774 12.500000000000002 7.7330528983123346 10.500000000000002 1.5000000000000002 0.99999999999941636 108299.73500000002 126.825 1.5000000000000002 0.99999999998803402 6.5000000000000009 7.392367308933653 4549.7900000000009
decision_type=2 2 2 2 2 2 2 2 2 2 2 2 2 2 2 2 2 2 2 2 2 2 2 2 2 2 2 2 2 2 2 2 2 2 2 2 2 2 2
left_child=1 22 32 4 6 -6 -4 8 19 13 11 -11 -12 14 -10 -15 -9 18 -5 20 -2 -22 23 24 28 -26 27 -25 -1 37 -19 -18 33 34 -3 -34 -37 -24 -39
right_child=7 2 3 17 5 -7 -8 16 9 10 12 -13 -14 15 -16 -17 31 30 -20 -21 21 -23 29 26 25 -27 -28 -29 -30 -31 -32 -33 35 -35 -36 36 -38 38 -40
leaf_value=0.013693736753706876 -0.0037723454771306469 0.040814202846525524 -0.024459565532613099 0.033832991867315768 -0.022783852148737953 -0.0090274328162055963 -0.030525458163091036 -0.0031750486832060418 0.0029217436378506058 -0.0095666530299179688 0.0030709753344281649 0.022623846784999981 0.048422275638540888 0.031057047462244938 -0.010811418580085597 -0.0082063704310117239 0.047153261463505486 0.055669564682621991 -0.0076163052456052968 -0.0051514583858183662 0.045927742511801421 0.015752412412130604 0 0.022545009436898255 -0.0033894611253863262 0.032410958645932644 -0.0051127516037361371 0.04585474257340965 0.062281494501476062 0 0 0 0 -0.0066541382424245643 -0.00059813361627799992 0.041443737148355801 0 0 0.037984686538161269
leaf_weight=39.546956234791651 20.237098885205342 58.879565343580907 6235.5326218676655 120.94580913544632 4690.6293001968152 680.61809567688942 3865.3392456653728 15.65991924361151 5833.3790199267751 107.19329157086031 3657.4611542394487 781.41579446216929 31.18789797865611 156.72062937424926 487.04951408157649 53.762273284155526 51.269012935212231 26.982365950825628 55.709320568159455 24.272238846198888 32.895245852530934 199.54076645040186 1.7494550591800351 406.74913562530128 182.82632292628114 72.546544618759071 27.167050298128743 94.20611148988246 24.231183376628906 6.1153994263731866 2.5870285366836461 2.8141764439496901 7.4380119379202361 40.954163829344907 10.543233746459007 100.49038608677802 4.2327111984632202 1.012766278698108 129.42021022137487
leaf_count=7655 146173 2760 29322 3585 20499 1695 23598 5069 1178131 39339 776662 80985 176 8945 91280 19422 498 101 6147 12779 10026 11206 130 30678 13626 3799 5279 2785 777 765 257 491 3665 10297 1955 887 482 39 304
internal_value=-0.0103744 -0.0205993 -0.0233774 -0.0241378 -0.0248374 -0.0210743 -0.0268115 0.00469352 0.00448852 0.00416451 0.00653824 0.018581 0.00357828 0.00247989 0.00183608 0.0206276 0.0331977 0.0269169 0.0204341 0.0166816 0.0192538 0.0217338 0.0239602 0.0217449 0.0142792 0.00702586 0.0258076 0.027733 0.0381425 0.0350391 0.0510402 0.0444803 0.0288062 0.0184368 0.033763 0.0363878 0.0394801 0.0370256 0.0376285
internal_weight=28341.3 16886.5 15900.9 15678.3 15472.1 5371.25 10100.9 11454.9 11385.1 11108.2 4577.26 888.609 3688.65 6530.91 6320.43 210.483 69.7431 206.225 176.655 276.945 252.673 232.436 985.571 847.273 319.151 255.373 528.122 500.955 63.7781 138.298 29.5694 54.0832 222.538 110.377 69.4228 112.161 104.723 132.182 130.433
internal_count=2552269 171087 105250 85204 75114 22194 52920 2381182 2375124 2194940 897162 120324 776838 1297778 1269411 28367 6058 10090 9732 180184 167405 21232 65837 64599 25857 17425 38742 33463 8432 1238 358 989 20046 15012 4715 5034 1369 473 343
is_linear=0
shrinkage=0.010139


Tree=40
num_leaves=39
num_cat=0
split_feature=20 0 6 12 12 15 12 13 13 13 5 12 18 0 9 13 0 18 5 13 13 13 9 13 13 10 9 13 12 13 10 11 19 5 0 12 13 12
split_gain=41055 19738 5988.78 5325.81 1025.46 1387.01 577.208 571.943 428.364 1091.31 365.956 374.069 237.621 200.77 189.724 264.836 171.827 167.02 158.517 132.417 122.976 444.731 434.27 289.259 516.054 270.097 185.185 121.212 183.55 514.684 174.279 172.84 114.785 71.8596 69.2956 60.122 59.3663 23.029
threshold=0.00090674068202446626 1.0000000180025095e-35 5.0648077709906092 3765704.9050000003 17514.760000000002 1.5000000000000002 11.985000000000001 72.984810899695844 1.0000511597811321 1.000244314819648 0.99999999997863032 117.90500000000002 1.0000000180025095e-35 6.5000000000000009 1.0000000180025095e-35 152.28613325396313 1.5000000000000002 13.500000000000002 0.99999999986062715 0.00216076604837907 0.85624233328125954 1.0025619122437928 1.0000000180025095e-35 1.0143281745358539 5.2661061706769816 59090000.555000007 1.5000000000000002 0.48103810331571178 4743.5000000000009 0.035902672604808374 3010.0250000000001 2.5000000000000004 4.5000000000000009 0.99999999655681615 8.5000000000000018 12269.225 0.010639558895095101 225886.94000000003
decision_type=2 2 2 2 2 2 2 2 2 2 2 2 2 2 2 2 2 2 2 2 2 2 2 2 2 2 2 2 2 2 2 2 2 2 2 2 2 2
left_child=6 20 34 4 5 -4 13 -6 -8 17 12 -12 -11 14 -1 33 -5 -10 -17 -18 27 22 25 26 -25 -22 -23 28 32 -30 -29 -32 -2 -16 35 36 -3 -19
right_child=1 2 3 16 7 -7 8 -9 9 10 11 -13 -14 -15 15 18 19 37 -20 -21 21 23 -24 24 -26 -27 -28 30 29 -31 31 -33 -34 -35 -36 -37 -38 -39
leaf_value=-0.0037712840532206421 0.043199411177871287 0.047983629057312988 -0.028709988756177026 -0.0018617310819018422 -0.027247690896010781 -0.018144817601937799 -0.0093709090093708827 -0.015133514060849585 0 0.018954638080544619 0.017478223437866831 0.0044850868198649668 -0.0074088599806813428 -0.0051302201095571398 0.045438061671770696 0.0066557964818933666 0 0.13413416176806373 0.026995728321613097 0.030399343823495482 0.014503732312211975 0.059741359673818828 -0.0081452098821804229 -0.0066293089743640335 0.029621819584839816 0.061444208387345024 0 0 0.034198992266032562 -0.0078912455144814 0.042147848010851766 0 0 0 0 0 0.02426801085618336 0
leaf_weight=20.232493745119427 34.362274584957049 31.270134241693086 1859.4920098851289 13.31900243538257 8497.2922302543157 4806.3147307650452 221.38082412590302 493.40909921675848 0.95613669330486917 29.884637837574701 232.51206620412995 10341.941204406059 371.26581092870038 24.171894111510483 53.412153712750296 118.0276627860294 9.2166674674954248 0.46077564498409629 79.168836659649969 187.7132271771552 317.32587319597951 41.643342783267144 75.663015155529138 41.202460123182391 213.30435722591938 8.4473207449773309 4.3229397187969871 7.7405560188926748 43.613486782764085 60.502285627444508 143.04221995151602 7.0103728949034112 4.7518965467461376 2.5805228858080218 5.098331786444759 4.2681389771023523 186.16263475001324 0.11598356692411471
leaf_count=146583 264 534 10939 1173 44349 18291 1646472 1535 5531 1483 11270 492794 42485 12804 6894 6013 1367 63 2721 7550 28145 698 12517 8674 4777 505 794 427 2998 3633 1217 581 607 5674 1703 6840 10969 395
internal_value=-0.0101773 -0.0201377 -0.022862 -0.0236082 -0.0242953 -0.0211359 0.00463014 -0.0266071 0.00424038 0.00453022 0.00442628 0.00479238 -0.00488904 0.0185058 0.0210349 0.0234551 0.0261744 0.116877 0.0159983 0.0285628 0.0233242 0.0200371 0.0122508 0.0295655 0.0233465 0.0173666 0.05407 0.0299945 0.0196789 0.00993967 0.0374416 0.0398063 0.0377114 0.0431757 0.0280058 0.0288594 0.0296 0.132044
internal_weight=28592.6 17096.5 16093.6 15866.8 15656.5 6665.81 11496.1 8990.7 11198.5 10977.1 10975.6 10574.5 401.15 297.594 273.422 253.189 210.249 1.5329 197.196 196.93 1002.93 701.909 401.436 300.473 254.507 325.773 45.9663 301.023 143.23 104.116 157.793 150.053 39.1142 55.9927 226.799 221.701 217.433 0.576759
internal_count=2552269 171087 105250 85204 75114 29230 2381182 45884 2200493 554021 548032 504064 43968 180689 167885 21302 10090 5989 8734 8917 65837 56110 41167 14943 13451 28650 1492 9727 7502 6631 2225 1798 871 12568 20046 18343 11503 458
is_linear=0
shrinkage=0.010139


Tree=41
num_leaves=43
num_cat=0
split_feature=20 0 6 12 9 13 11 15 12 18 9 7 6 12 12 6 9 17 9 0 13 9 10 10 12 9 15 19 18 5 12 9 15 0 5 10 10 14 5 0 7 12
split_gain=39671.5 19123.3 5801.56 5156.84 1012.46 1234.93 829.678 567.774 391.068 635.98 515.258 488.088 1490.91 972.902 725.004 766.766 717.404 643.091 429.026 333.52 332.206 278.351 166.159 669.301 151.067 146.288 118.993 181.455 603.958 545.541 298.487 215.532 112.803 92.9052 79.2413 72.8257 447.796 204.352 149.748 95.3955 34.2298 20.3029
threshold=0.00090674068202446626 1.0000000180025095e-35 5.0648077709906092 3765704.9050000003 1.5000000000000002 60.617091821524696 1.5000000000000002 4.5000000000000009 117.90500000000002 4.5000000000000009 12426.000000000002 8.8930928504901328 9.4324325703857941 9624.0750000000025 2953988.1000000006 8.4728619213886294 39485.500000000007 3.5000000000000004 20432.000000000004 5.5000000000000009 5080.1751975986544 36600.000000000007 709713238.67000008 2512381.9800000009 9.8900785000000013 37060.000000000007 4.5000000000000009 6.5000000000000009 11.500000000000002 0.99999999999956102 806765.92500000005 2.5000000000000004 10.500000000000002 5.5000000000000009 0.99999999999941636 108299.73500000002 126.825 1.5000000000000002 0.99999999998803402 6.5000000000000009 7.392367308933653 4549.7900000000009
decision_type=2 2 2 2 2 2 2 2 2 2 2 2 2 2 2 2 2 2 2 2 2 2 2 2 2 2 2 2 2 2 2 2 2 2 2 2 2 2 2 2 2 2
left_child=7 26 35 4 5 -4 -6 8 9 10 20 14 13 -13 15 -10 -14 -16 -12 -9 -1 24 23 -5 -11 -23 27 30 -29 -30 31 -2 40 -24 -21 36 37 -3 -37 -40 -28 -42
right_child=1 2 3 22 6 -7 -8 19 11 21 18 12 16 -15 17 -17 -18 -19 -20 34 -22 25 33 -25 -26 -27 32 28 29 -31 -32 -33 -34 -35 -36 38 -38 -39 39 -41 41 -43
leaf_value=0.02705516181839639 0.030881202438893005 0.038168811678703389 -0.022308179413109277 0.031815773861482703 -0.021826871850069287 -0.0064453638515039663 -0.02931350154462983 -0.0031782075439817726 0.0023922469079650289 0.0085239858137730641 0.041362309356087035 -0.0095552804606469765 0.0029800265017380341 0.021881640844488893 0.029920458804047444 -0.01080323338923112 0.046430823367838749 -0.008192601689351096 -0.0043291604538915158 0.044860446396958381 0.003262732109729436 0.041728394401293958 0 -0.0076644848070069422 -0.010108229758690926 0 0 -0.0083613154327504512 -0.0075132381943452406 0.024797590593127528 -0.0042852241005739049 -0.0022445536954188486 0 0.052290318724114861 0 0 -0.006703368370962714 -0.00073793465174108665 0.039250666196388659 0 0 0.036042280486773853
leaf_weight=83.595406668886426 324.06318596441815 62.256545905753228 7902.9667011874189 126.70797356974799 2687.8132822176822 566.24200212163851 4679.5978231156651 15.666106020507867 5459.8546569284154 48.062289135283208 123.40718971565366 106.69041914693662 3678.7535532385591 798.30073131910467 161.06095503173128 484.43164259413606 32.476532647444401 53.546319491237227 18.989394020289183 53.498058781158761 224.34740990081627 14.120799742639067 2.670265177992408 56.753994502447313 168.43909221548529 7.7403892196743973 1.7608600431703951 79.622168152651284 53.58023968571797 381.99279990429932 22.268311652718694 14.482409670250489 6.1829374107473987 28.751985252543818 2.8237301968474631 7.5946615172288139 41.57450455869548 10.783329175217657 104.78033999100444 4.3000250941404365 1.0225623022997741 134.28660128935007
leaf_count=192566 17412 2760 33321 3604 12798 1293 27702 5069 901285 67699 396 39339 776662 80985 8945 91280 176 19422 219 498 6944 15 193 6128 189076 115 130 10298 9257 20006 4623 3003 765 165 491 3665 10297 1955 887 482 39 304
internal_value=-0.00998651 -0.0196947 -0.0223661 -0.0230992 -0.0237748 -0.0212661 -0.0266206 0.0045689 0.00436848 0.0118151 0.0188242 0.00387535 0.00637568 0.0180174 0.00197952 0.00128779 0.00347939 0.0200008 0.0346835 0.0318211 0.0105265 -0.00118562 0.0253663 0.0192513 -0.00537604 0.0277078 0.0227372 0.0206335 0.0158217 0.020536 0.0267724 0.0291549 0.0332804 0.0479639 0.0423739 0.0272206 0.0173399 0.0316338 0.0344949 0.037411 0.0351458 0.0357088
internal_weight=28837.9 17302.1 16282.8 16051.5 15836.6 8469.21 7367.41 11535.8 11463.8 688.702 450.339 10775.1 4616.22 904.991 6158.89 5944.29 3711.23 214.607 142.397 71.9879 307.943 238.363 214.884 183.462 216.501 21.8612 1019.26 876.009 515.195 435.573 360.814 338.546 143.253 31.4223 56.3218 231.289 114.614 73.0399 116.675 109.08 137.07 135.309
internal_count=2552269 171087 105250 85204 75114 34614 40500 2381182 2375124 457030 200125 1918094 897162 120324 1020932 992565 776838 28367 615 6058 199510 256905 10090 9732 256775 130 65837 64599 39561 29263 25038 20415 1238 358 989 20046 15012 4715 5034 1369 473 343
is_linear=0
shrinkage=0.010139


Tree=42
num_leaves=42
num_cat=0
split_feature=20 0 6 12 15 12 11 15 12 18 9 7 6 12 12 6 9 17 9 0 13 9 15 11 15 12 9 12 12 19 10 12 7 6 10 11 5 15 18 18 5
split_gain=38358.4 18521.8 5621.6 5001.43 1008.85 979.006 710.099 543.429 379.37 610.047 481.849 473.792 1427.97 932.265 697.86 755.863 682.726 612.804 403.889 316.38 315.26 270.974 158.378 619.493 208.19 149.241 140.58 119.858 297.459 249.815 215.085 171.388 147.359 786.59 218.763 97.3367 74.9113 68.5608 292.463 319.065 19.3001
threshold=0.00090674068202446626 1.0000000180025095e-35 5.0648077709906092 3765704.9050000003 2.5000000000000004 6635.2350000000015 1.5000000000000002 4.5000000000000009 117.90500000000002 4.5000000000000009 12426.000000000002 8.8930928504901328 9.4324325703857941 9624.0750000000025 2953988.1000000006 8.4728619213886294 39485.500000000007 3.5000000000000004 20432.000000000004 5.5000000000000009 5080.1751975986544 36600.000000000007 3.5000000000000004 1.5000000000000002 5.5000000000000009 9.8900785000000013 37060.000000000007 38379947.150000006 806765.92500000005 11.500000000000002 222946588.12000003 105311329.79500002 11.47585299313719 9.7214751477417547 773148.58500000008 1.5000000000000002 0.99999999999941636 3.5000000000000004 10.500000000000002 11.500000000000002 0.99999999998131728
decision_type=2 2 2 2 2 2 2 2 2 2 2 2 2 2 2 2 2 2 2 2 2 2 2 2 2 2 2 2 2 2 2 2 2 2 2 2 2 2 2 2 2
left_child=7 27 37 4 6 -6 -4 8 9 10 20 14 13 -13 15 -10 -14 -16 -12 -9 -1 25 23 -5 -24 -11 -23 28 32 -29 -30 35 33 -2 -34 -31 -21 38 -3 -40 -39
right_child=1 2 3 22 5 -7 -8 19 11 21 18 12 16 -15 17 -17 -18 -19 -20 36 -22 26 24 -25 -26 -27 -28 29 30 31 -32 -33 34 -35 -36 -37 -38 40 39 -41 -42
leaf_value=0.026248741911849512 0.023546135637799056 -0.0056409145060742662 -0.022953742424246481 0.03398643012966529 -0.011188043710193321 -0.021880416598034795 -0.028744700814064075 -0.0031619904728347344 0.0023634460612492075 0.0084067834906098125 0.039853821706710937 -0.0095344479501268172 0.0029427658075189232 0.02129254012929796 0.028980932054221299 -0.01078905499274127 0.044742224231857322 -0.0081673558668934713 -0.0043082579528611808 0.043341318011873332 0.0032231529591315992 0.040609064261556721 0.040835320950157433 -0.0077570663880251033 0 -0.010090595489010441 0 0 -0.0077058000054756066 0.067290914017313214 0.024404367265645679 0 0.019371780918612198 -0.0083421355136518108 0.047392027380340228 0 0 0 0.052978742035032202 0.012757443400975061 0.036400463621703044
leaf_weight=85.508341855307663 659.48987957189456 30.384961261777789 6447.6196490629009 69.623307588219177 1188.3776040319335 4384.5871135329617 3990.1400844044165 15.625117583345853 5470.3931450500822 48.340408067509998 127.04180138558149 105.85989496395632 3687.6107174673598 812.20271277638676 164.81768801044382 480.18150662264088 33.634865340514807 53.192020197726379 18.924438901245594 55.063988638343289 224.88818663590064 14.565402522683145 80.321641235845163 59.319327099583461 9.5098997682798636 167.04274716360669 7.7403892196743973 7.5948633977968703 61.039768456525053 21.951933673990432 23.119283637322951 3.7852541341562747 107.14869266148889 81.490925171689014 69.878054626169614 1.7952218382852141 2.8237301968474631 0.9602217073115743 28.532038010700489 88.895898884584312 86.600173142069252
leaf_count=192566 35815 8870 29322 2843 3347 18847 23598 5069 901285 67699 396 39339 776662 80985 8945 91280 176 19422 219 498 6944 15 303 5634 1310 189076 115 1388 9869 239 41 615 6161 10939 616 154 491 255 783 9826 312
internal_value=-0.00980247 -0.019271 -0.0218934 -0.0226132 -0.0232771 -0.0196364 -0.025196 0.00450841 0.00431097 0.0116176 0.0184023 0.00382478 0.00628048 0.017581 0.00195621 0.00127305 0.00343603 0.0194994 0.0335395 0.0309228 0.0103489 -0.00116049 0.0246979 0.0146668 0.035839 -0.00534456 0.0270895 0.0221176 0.0209626 0.0432861 0.00127836 0.054911 0.0226334 0.0198564 0.0324425 0.0628204 0.0409801 0.0265002 0.0188144 0.0259091 0.0359265
internal_weight=29077.6 17502.2 16464.9 16229.5 16010.7 5572.96 10437.8 11575.5 11501.9 694.052 456.363 10807.9 4639.31 918.063 6168.58 5950.57 3721.25 218.01 145.966 73.5128 310.397 237.689 218.774 128.943 89.8315 215.383 22.3058 1037.29 1002.17 35.1273 84.1591 27.5324 918.008 740.981 177.027 23.7472 57.8877 235.373 147.813 117.428 87.5604
internal_count=2552269 171087 105250 85204 75114 22194 52920 2381182 2375124 457030 200125 1918094 897162 120324 1020932 992565 776838 28367 615 6058 199510 256905 10090 8477 1613 256775 130 65837 63441 2396 9910 1008 53531 46754 6777 393 989 20046 19479 10609 567
is_linear=0
shrinkage=0.010139


Tree=43
num_leaves=37
num_cat=0
split_feature=17 0 6 12 15 11 12 10 10 5 15 18 14 18 0 8 9 12 5 0 14 15 18 19 5 12 12 15 10 10 14 5 0 7 17 12
split_gain=37111.1 17958.1 5455.49 4851.94 982.737 1523.87 529.095 416.187 1011.44 345.39 358.201 232.025 226.912 225.484 187.42 180.688 226.062 363.287 163.772 153.81 121.034 115.87 164.976 568.864 511.122 268.341 205.592 106.312 67.7898 415.25 187.576 138.812 88.1305 32.3413 31.3184 19.1897
threshold=1.0000000180025095e-35 1.0000000180025095e-35 5.0648077709906092 3765704.9050000003 1.5000000000000002 1.5000000000000002 11.985000000000001 220533.08500000005 232869.26000000001 0.99999999997863032 1.5000000000000002 1.0000000180025095e-35 10.500000000000002 13.500000000000002 6.5000000000000009 1.0000000180025095e-35 448.00000000000006 2.5612825000000004 0.99999999655681615 1.5000000000000002 1.5000000000000002 4.5000000000000009 6.5000000000000009 11.500000000000002 0.99999999999956102 806765.92500000005 623390.48500000022 10.500000000000002 108299.73500000002 126.825 1.5000000000000002 0.99999999998803402 6.5000000000000009 7.392367308933653 3.5000000000000004 4549.7900000000009
decision_type=2 2 2 2 2 2 2 2 2 2 2 2 2 2 2 2 2 2 2 2 2 2 2 2 2 2 2 2 2 2 2 2 2 2 2 2
left_child=1 21 28 4 12 -6 14 -8 13 11 -11 -10 -4 -9 15 16 18 -18 -2 -5 -21 22 25 -24 -25 26 -1 33 29 30 -3 -30 -33 -23 -15 -35
right_child=6 2 3 19 5 -7 7 8 9 10 -12 -13 -14 34 -16 -17 17 -19 -20 20 -22 27 23 24 -26 -27 -28 -29 31 -31 -32 32 -34 35 -36 -37
leaf_value=0.023620470605634339 0.039661101052671323 0.035879925020246138 -0.027829690241623597 -0.0019783389696446168 -0.016688208964611758 -0.024157432685883523 -0.0093775101925430496 0 0.018539157952171932 0.0076530003899331431 0.003434941407068869 -0.0073728083999928902 0.0032066968990119181 0.13254187606171 -0.0051578608324784059 -0.0039063967380453674 -0.0079196863696704926 0.022489090365519451 0 0 0.02792937203637157 0 -0.0083814695967428451 -0.0075461848780226026 0.023472800754296533 -0.004215495895484137 0.055602641367027764 0 0 -0.0067174644261460883 -0.00080961976223102746 0.037194481631394237 0 0 0 0.034340880481500573
leaf_weight=326.24796324731142 82.001328811049461 65.436343910605501 3575.1051106515206 13.581319197954143 4689.0759733787754 7897.6527472335792 220.27573982674221 1.3974094153163599 30.347021233552368 2928.4900744348706 7759.827970138911 366.90201480001269 17.056446912700267 0.54880821214464948 24.323344187461771 20.81367202103138 47.83280111096974 124.02680414066708 7.5531259313866022 9.6578599458734953 199.33803007088136 1.799058839038479 80.383606457718997 54.17200857361604 396.44521336897742 21.925291111358092 27.110875017242506 6.3008478487026869 7.6681529910711097 41.730154688979383 10.903016897806081 109.05309644268709 4.3348006153537417 1.0451868809759606 0.16219074519176502 138.7574442414334
leaf_count=19103 21105 2760 20643 1173 16472 37989 1592562 8877 1266 211882 353616 31409 10 235 12804 131218 832 440 14290 1676 7241 130 11894 9030 19772 4341 459 765 3665 10297 1955 887 482 39 646 304
internal_value=-0.00962467 -0.018866 -0.0214412 -0.0221485 -0.0228011 -0.0213943 0.00444899 0.00407379 0.00435621 0.00425404 0.00460459 -0.00484007 -0.027648 0.109213 0.0175441 0.0199309 0.0222594 0.0134856 0.0357338 0.0240573 0.026225 0.0215548 0.0195431 0.015002 0.0194617 0.025289 0.0274484 0.0317081 0.0258626 0.0164756 0.029829 0.0327509 0.0354797 0.033485 0.129699 0.0340224
internal_weight=29309.3 17694.8 16640.6 16401.5 16178.9 12586.7 11614.5 11308 11087.7 11085.6 10688.3 397.249 3592.16 2.10841 306.551 282.228 261.414 171.86 89.5545 222.577 208.996 1054.19 906.285 531.001 450.617 375.284 353.359 147.903 239.126 118.07 76.3394 121.056 113.388 141.602 0.710999 139.803
internal_count=2552269 171087 105250 85204 75114 54461 2381182 2200493 607931 598173 565498 32675 20653 9758 180689 167885 36667 1272 35395 10090 8917 65837 64599 40696 28802 23903 19562 1238 20046 15012 4715 5034 1369 473 881 343
is_linear=0
shrinkage=0.010139


Tree=44
num_leaves=43
num_cat=0
split_feature=20 0 6 12 15 13 5 15 12 18 7 6 12 12 6 9 17 9 9 0 13 9 10 13 12 9 12 12 12 10 19 15 12 19 15 9 5 13 9 12 0 0
split_gain=35914.2 17411.8 5290.23 4704.27 989.567 935.141 692.481 513.636 363.563 577.84 457.198 1364.31 891.202 671.457 742.941 648.654 583.199 454.972 377.76 296.172 292.725 263.268 151.972 610.331 145.381 134.246 113.653 272.265 227 205.695 156.81 134.196 412.04 230.198 94.2031 84.9131 69.8536 62.8328 359.367 164.519 58.0936 49.4218
threshold=0.00090674068202446626 1.0000000180025095e-35 5.0648077709906092 3765704.9050000003 2.5000000000000004 22.83263578856057 0.99999999999884737 4.5000000000000009 117.90500000000002 4.5000000000000009 8.8930928504901328 9.4324325703857941 9624.0750000000025 2953988.1000000006 8.4728619213886294 39485.500000000007 3.5000000000000004 12426.000000000002 20432.000000000004 5.5000000000000009 5080.1751975986544 36600.000000000007 709713238.67000008 0.14737120193727324 9.8900785000000013 37060.000000000007 38379947.150000006 806765.92500000005 105311329.79500002 222946588.12000003 11.500000000000002 2.5000000000000004 137815.07500000004 13.500000000000002 1.5000000000000002 1.5000000000000002 0.99999999999941636 3251.3495198811238 1.5000000000000002 130.20000000000002 2.5000000000000004 6.5000000000000009
decision_type=2 2 2 2 2 2 2 2 2 2 2 2 2 2 2 2 2 2 2 2 2 2 2 2 2 2 2 2 2 2 2 2 2 2 2 2 2 2 2 2 2 2
left_child=7 26 37 4 6 -6 -4 8 9 17 13 12 -12 14 -10 -13 -15 20 -19 -9 -1 24 23 -5 -11 -23 27 31 30 -29 -28 32 -2 -33 -32 -24 -21 38 39 -3 -39 -42
right_child=1 2 3 22 5 -7 -8 19 10 21 11 15 -14 16 -16 -17 -18 18 -20 36 -22 25 35 -25 -26 -27 28 29 -30 -31 34 33 -34 -35 -36 -37 -38 40 -40 -41 41 -43
leaf_value=0.025039995344217147 0.019920775486055545 -0.001433493495244402 -0.03084193923422561 0.029241691563499501 -0.020360290880198743 -0.0076654961377673253 -0.023059970050466616 -0.0031601574836192816 0.0022883743892778727 0.0081004264298307621 -0.0095247384947934333 0.0028516823176317203 0.020618474664939362 0.027999554718532254 -0.010781214150111034 0.042987070156517461 -0.0081516241670070311 0.038250628068086011 -0.0042853653893941785 0.041448307715119127 0.0030916442732894611 0.039357421237006245 0.048187711010521807 -0.0077463159633642019 -0.010077709096725847 0 0 -0.0077121816333536085 0 0.023473715805010197 0 0.027221657578365314 -0.0074841273011555425 -0.003710323528745476 0.063367246826712062 0 0 0 -0.0062260204869383435 0.029595566015895705 0.040375596870747245 0
leaf_weight=88.476470826033619 409.07203956620651 12.380660144430292 1547.3338970242803 134.74059761781245 4976.6371145393759 721.88301620430047 9098.750632958363 15.619316730400895 5497.5770995965504 49.022085080112447 105.41005635673355 3709.270732371835 828.65669097265345 168.91221684476477 477.58005754400074 34.908229000546271 52.961149072318221 131.08261054009199 18.842824887484312 57.110469549297704 226.3591994268354 15.082779385149481 31.125931007787585 58.299533984361915 165.52513724158052 7.7361225922650183 3.8478348133794524 61.16505528644484 7.5796907921903758 23.744630359578878 1.9370655169477711 466.55266821684199 55.477431246108608 18.347276159038302 23.456082557851914 2.8180238606582853 2.8310989602614418 2.6223300524579818 36.081651391825289 131.60765083902515 58.219238983016112 2.1151576855772865
leaf_count=192566 36022 2423 14034 3585 20499 1695 38886 5069 901285 67699 39339 776662 80985 8945 91280 176 19422 396 219 498 6944 15 64 6147 189076 115 589 9869 1414 41 167 9329 7463 717 226 294 491 285 12129 4144 624 441
internal_value=-0.00945189 -0.0184741 -0.0210033 -0.0216981 -0.0223404 -0.0187819 -0.0242212 0.00439033 0.0041971 0.0113089 0.00372127 0.00612159 0.0170614 0.00188782 0.0012148 0.00333716 0.018946 0.0178122 0.0323139 0.0297559 0.0100077 -0.00116679 0.0233627 0.0176949 -0.00533776 0.0263938 0.0210051 0.0199034 0.0411365 0.00110385 0.0517525 0.0214576 0.0163681 0.0258081 0.0590204 0.0441919 0.0392324 0.0252091 0.0192742 0.0263222 0.0369248 0.0387857
internal_weight=29538.8 17885.8 16814.6 16571.6 16344.6 5698.52 10646.1 11653 11577.4 702.127 10875.3 4678.25 934.067 6197.03 5975.16 3744.18 221.873 464.761 149.925 75.5609 314.836 237.366 226.984 193.04 214.547 22.8189 1071.18 1034.36 36.8207 84.9097 29.241 949.449 464.549 484.9 25.3931 33.944 59.9416 243.027 180.07 143.988 62.9567 60.3344
internal_count=2552269 171087 105250 85204 75114 22194 52920 2381182 2375124 457030 1918094 897162 120324 1020932 992565 776838 28367 200125 615 6058 199510 256905 10090 9732 256775 130 65837 63441 2396 9910 982 53531 43485 10046 393 358 989 20046 18696 6567 1350 1065
is_linear=0
shrinkage=0.010139


Tree=45
num_leaves=38
num_cat=0
split_feature=20 0 6 12 12 7 12 13 13 13 5 15 18 0 9 9 12 5 18 15 11 15 15 14 10 12 7 19 10 15 10 10 14 5 0 7 11
split_gain=34779.5 16891.2 5133.33 4568.34 981.505 1377.01 497.422 407.782 1075.52 370.981 343.171 349.559 227.71 178.109 174.001 201.353 347.819 163.455 162.843 143.813 564.501 191.109 112.196 163.627 433.225 570.844 280.335 270.505 101.102 100.869 60.7477 387.348 174.492 127.916 80.4613 30.7363 22.9074
threshold=0.00090674068202446626 1.0000000180025095e-35 5.0648077709906092 3765704.9050000003 28464.635000000002 7.8807155272115983 11.985000000000001 1.0000511597811321 1.000244314819648 60.617091821524696 0.99999999997863032 1.5000000000000002 1.0000000180025095e-35 6.5000000000000009 1.0000000180025095e-35 448.00000000000006 2.5612825000000004 0.99999999655681615 13.500000000000002 3.5000000000000004 1.5000000000000002 5.5000000000000009 4.5000000000000009 1.5000000000000002 59090000.555000007 2947.5600000000009 14.289832443691774 12.500000000000002 99724853.520000026 10.500000000000002 108299.73500000002 126.825 1.5000000000000002 0.99999999998803402 6.5000000000000009 7.392367308933653 1.0000000180025095e-35
decision_type=2 2 2 2 2 2 2 2 2 2 2 2 2 2 2 2 2 2 2 2 2 2 2 2 2 2 2 2 2 2 2 2 2 2 2 2 2
left_child=6 22 30 4 5 -4 13 -8 18 -6 12 -12 -10 14 -1 17 -17 -16 -9 20 -5 -21 23 24 25 -2 27 -25 -26 35 31 32 -3 -32 -35 -24 -20
right_child=1 2 3 19 9 -7 7 8 10 -11 11 -13 -14 -15 15 16 -18 -19 36 21 -22 -23 29 26 28 -27 -28 -29 -30 -31 33 -33 -34 34 -36 -37 -38
leaf_value=-0.0039759743528058767 0.033168712468270696 0.033928935457799535 -0.023583950807606672 0.031204135134888036 -0.02499335390700768 -0.015119001988725071 -0.0093652011020059853 0 0.018098956475675346 -0.01437664902544409 0.0074909972729476594 0.0033391999783533421 -0.0073923881804101779 -0.0051595106736522728 0.037935984655847979 -0.0079069449293555985 0.021773456507525889 0 0.13172718743800621 0.037711648306042837 -0.007821424941342147 -7.8723587152000859e-05 0 0.019246085259694311 0.076822732415315592 0.001713446134125176 -0.0052381359966761163 0.039258991824246671 0 0 0 -0.0067303362142921118 -0.00090554450925290643 0.03516513352965539 0 0.032471988867050869 0
leaf_weight=21.150701850707264 71.746930656256154 68.374477371497051 4070.9275260789818 74.499480251950445 7804.514297462526 4189.9284318692116 219.69843731031142 0.96371221673325524 30.865071527237887 438.04778925386108 2950.9154542925971 7805.6046687030757 369.6174182635441 24.339543966241763 84.838993991550524 47.684611363569275 126.38607915875036 8.1545986710407288 0.59458843967877328 85.484447884606197 60.721650190986111 9.9518716641759948 1.8426745719625603 449.32518130910466 5.6344319704221553 272.36031167305191 27.990956561348867 106.99976095787133 1.5590015022316945 6.4447197858244172 7.7142452341213348 41.854779947374482 11.068818537605692 113.55608336973819 4.3304898173519168 144.17779747099848 0.11935660315793939
leaf_count=146583 8432 2760 20988 2843 39505 13278 1646472 5531 1483 1343 172569 331495 42485 12804 8565 832 440 11465 149 303 5634 1310 130 30678 69 17152 5279 2785 204 765 3665 10297 1955 887 482 343 309
internal_value=-0.00928521 -0.0181001 -0.0205857 -0.0212688 -0.0219006 -0.0193201 0.00433294 0.00396774 0.00424534 -0.0244548 0.00414324 0.00449195 -0.00488666 0.0169117 0.0191995 0.0214603 0.0130964 0.0339847 0.114857 0.0227868 0.013478 0.0330696 0.0204758 0.01855 0.0119728 0.00912124 0.0221339 0.0237408 0.0675416 0.0302517 0.0245832 0.0157062 0.0282523 0.0310419 0.0335835 0.0319559 0.129648
internal_weight=29760 18069.1 16981 16734.1 16503.4 8260.86 11690.9 11378.4 11158.7 8242.56 11157 10756.5 400.482 312.555 288.215 267.064 174.071 92.9936 1.67766 230.657 135.221 95.4363 1088.08 935.617 351.301 344.107 584.316 556.325 7.19343 152.465 246.899 121.298 79.4433 125.601 117.887 146.02 0.713945
internal_count=2552269 171087 105250 85204 75114 34266 2381182 2200493 554021 40848 548032 504064 43968 180689 167885 21302 1272 20030 5989 10090 8477 1613 65837 64599 25857 25584 38742 33463 273 1238 20046 15012 4715 5034 1369 473 458
is_linear=0
shrinkage=0.010139


end of trees

feature_importances:
Column_12=313
Column_13=224
Column_15=178
Column_9=176
Column_0=172
Column_10=137
Column_5=112
Column_18=92
Column_11=85
Column_6=77
Column_14=68
Column_19=59
Column_7=56
Column_17=38
Column_21=18
Column_20=16
Column_16=4
Column_8=2
Column_4=1

parameters:
[boosting: gbdt]
[objective: binary]
[metric: average_precision]
[tree_learner: serial]
[device_type: cpu]
[data_sample_strategy: bagging]
[data: ]
[valid: ]
[num_iterations: 364]
[learning_rate: 0.010139]
[num_leaves: 235]
[num_threads: 4]
[seed: 42]
[deterministic: 0]
[force_col_wise: 0]
[force_row_wise: 0]
[histogram_pool_size: -1]
[max_depth: 6]
[min_data_in_leaf: 12]
[min_sum_hessian_in_leaf: 0.001]
[bagging_fraction: 0.642285]
[pos_bagging_fraction: 1]
[neg_bagging_fraction: 1]
[bagging_freq: 0]
[bagging_seed: 400]
[bagging_by_query: 0]
[feature_fraction: 0.995585]
[feature_fraction_bynode: 1]
[feature_fraction_seed: 30056]
[extra_trees: 0]
[extra_seed: 12879]
[early_stopping_round: 0]
[early_stopping_min_delta: 0]
[first_metric_only: 0]
[max_delta_step: 0]
[lambda_l1: 9.94613]
[lambda_l2: 7.43041]
[linear_lambda: 0]
[min_gain_to_split: 0]
[drop_rate: 0.1]
[max_drop: 50]
[skip_drop: 0.5]
[xgboost_dart_mode: 0]
[uniform_drop: 0]
[drop_seed: 17869]
[top_rate: 0.2]
[other_rate: 0.1]
[min_data_per_group: 100]
[max_cat_threshold: 32]
[cat_l2: 10]
[cat_smooth: 10]
[max_cat_to_onehot: 4]
[top_k: 20]
[monotone_constraints: ]
[monotone_constraints_method: basic]
[monotone_penalty: 0]
[feature_contri: ]
[forcedsplits_filename: ]
[refit_decay_rate: 0.9]
[cegb_tradeoff: 1]
[cegb_penalty_split: 0]
[cegb_penalty_feature_lazy: ]
[cegb_penalty_feature_coupled: ]
[path_smooth: 0]
[interaction_constraints: ]
[verbosity: -1]
[saved_feature_importance_type: 0]
[use_quantized_grad: 0]
[num_grad_quant_bins: 4]
[quant_train_renew_leaf: 0]
[stochastic_rounding: 1]
[linear_tree: 0]
[max_bin: 255]
[max_bin_by_feature: ]
[min_data_in_bin: 3]
[bin_construct_sample_cnt: 200000]
[data_random_seed: 175]
[is_enable_sparse: 1]
[enable_bundle: 1]
[use_missing: 1]
[zero_as_missing: 0]
[feature_pre_filter: 1]
[pre_partition: 0]
[two_round: 0]
[header: 0]
[label_column: ]
[weight_column: ]
[group_column: ]
[ignore_column: ]
[categorical_feature: ]
[forcedbins_filename: ]
[precise_float_parser: 0]
[parser_config_file: ]
[objective_seed: 16083]
[num_class: 1]
[is_unbalance: 0]
[scale_pos_weight: 114.805]
[sigmoid: 1]
[boost_from_average: 1]
[reg_sqrt: 0]
[alpha: 0.9]
[fair_c: 1]
[poisson_max_delta_step: 0.7]
[tweedie_variance_power: 1.5]
[lambdarank_truncation_level: 30]
[lambdarank_norm: 1]
[label_gain: ]
[lambdarank_position_bias_regularization: 0]
[eval_at: ]
[multi_error_top_k: 1]
[auc_mu_weights: ]
[num_machines: 1]
[local_listen_port: 12400]
[time_out: 120]
[machine_list_filename: ]
[machines: ]
[gpu_platform_id: -1]
[gpu_device_id: -1]
[gpu_use_dp: 0]
[num_gpu: 1]

end of parameters

pandas_categorical:null
